trades,mean_net_pnl,median_net_pnl,total_net_pnl,win_rate,profit_factor,max_drawdown,target_hit_rate,expiry_rate,year,quarter,side
1,3098.10176127,3098.10176127,3098.10176127,1.0,,0.0,1.0,0.0,2025,2025Q1,CALL
9,2456.3837622990004,2255.202673275,22107.453860691003,1.0,,0.0,1.0,0.0,2025,2025Q1,PUT
2,3319.7274834900004,3319.7274834900004,6639.454966980001,1.0,,0.0,1.0,0.0,2025,2025Q2,CALL
7,4145.9190662301435,3871.246936998003,29021.433463611007,1.0,,0.0,1.0,0.0,2025,2025Q2,PUT
2,1009.0790561624997,1009.0790561624997,2018.1581123249994,1.0,,0.0,1.0,0.0,2025,2025Q3,CALL
8,991.0911971165622,903.3974744812499,7928.729576932497,1.0,,0.0,1.0,0.0,2025,2025Q3,PUT
3,1326.109194935,1193.1671938425,3978.327584805,1.0,,0.0,1.0,0.0,2025,2025Q4,CALL
5,843.5568418934997,782.2107621824998,4217.784209467499,1.0,,0.0,1.0,0.0,2025,2025Q4,PUT
8,291.5905918444498,1243.0046414479998,2332.7247347555985,0.75,1.1389905234335362,-16783.336569497005,0.75,0.25,2026,2026Q1,PUT
3,3740.1167338601676,3293.8164479915017,11220.350201580502,1.0,,0.0,1.0,0.0,2026,2026Q2,CALL
5,3871.510535013501,4749.716795334501,19357.552675067505,1.0,,0.0,1.0,0.0,2026,2026Q2,PUT
3,1656.794960413833,1480.417245337499,4970.384881241499,1.0,,0.0,1.0,0.0,2026,2026Q3,PUT
