entry_date,side,selected_credit,selection_margin,selection_margin_quantile
2025-01-03,PUT,37.71000000000001,3.460000000000008,Q2
2025-01-10,CALL,47.150000000000006,1.7500000000000142,Q1
2025-01-17,PUT,34.2,13.75,Q4
2025-01-24,PUT,51.70000000000002,11.050000000000011,Q3
2025-02-01,PUT,83.9,6.850000000000023,Q3
2025-02-07,PUT,39.7,1.8900000000000008,Q2
2025-02-14,PUT,31.700000000000003,3.690000000000012,Q2
2025-02-28,PUT,16.150000000000006,2.000000000000007,Q2
2025-03-07,PUT,21.499999999999996,6.799999999999997,Q3
2025-03-21,PUT,14.35,2.95000000000001,Q2
2025-05-02,PUT,58.3,15.610000000000014,Q4
2025-05-09,PUT,140.59999999999997,79.79999999999998,Q4
2025-05-16,PUT,56.440000000000026,15.740000000000038,Q4
2025-05-23,PUT,51.79999999999998,0.75,Q1
2025-05-30,CALL,61.7,18.290000000000006,Q4
2025-06-06,CALL,39.35,3.6999999999999886,Q2
2025-06-13,PUT,59.8,23.85000000000001,Q4
2025-06-20,PUT,30.0,8.099999999999994,Q3
2025-06-27,PUT,33.75000000000001,10.100000000000009,Q3
2025-07-04,CALL,21.450000000000003,0.8499999999999943,Q1
2025-07-11,PUT,14.75,1.8999999999999984,Q2
2025-07-18,PUT,13.85,0.5,Q1
2025-07-25,PUT,16.75,4.049999999999997,Q2
2025-08-01,PUT,26.000000000000007,4.850000000000001,Q3
2025-08-08,PUT,18.999999999999996,5.649999999999992,Q3
2025-09-03,PUT,12.650000000000002,3.75,Q2
2025-09-10,PUT,13.199999999999996,3.5499999999999936,Q2
2025-09-17,PUT,9.349999999999998,0.850000000000005,Q1
2025-09-24,CALL,9.799999999999995,0.0999999999999978,Q1
2025-10-08,PUT,8.5,1.2999999999999972,Q1
2025-10-29,CALL,26.25,5.549999999999997,Q3
2025-11-12,PUT,19.8,4.300000000000004,Q2
2025-11-19,CALL,18.749999999999996,0.9999999999999928,Q1
2025-11-26,PUT,16.849999999999994,1.4499999999999955,Q1
2025-12-03,CALL,15.900000000000006,1.3500000000000014,Q1
2025-12-10,PUT,12.75,1.8500000000000012,Q1
2025-12-17,PUT,10.349999999999998,0.3000000000000007,Q1
2026-01-07,PUT,6.149999999999999,1.8000000000000007,Q1
2026-01-29,PUT,61.19999999999999,7.499999999999972,Q3
2026-02-04,PUT,43.650000000000006,11.15,Q4
2026-02-11,PUT,19.200000000000003,7.400000000000006,Q3
2026-02-18,PUT,24.50000000000001,4.850000000000023,Q3
2026-03-04,PUT,171.70000000000005,52.60000000000008,Q4
2026-03-11,PUT,110.3,22.80000000000001,Q4
2026-03-18,PUT,94.55,40.80000000000001,Q4
2026-04-15,PUT,77.75,17.049999999999983,Q4
2026-04-22,PUT,91.4,31.799999999999983,Q4
2026-05-06,CALL,48.70000000000002,1.8500000000000083,Q1
2026-05-13,CALL,88.64999999999998,9.84999999999998,Q3
2026-05-20,PUT,82.39999999999999,28.55,Q4
2026-06-03,CALL,57.6,10.999999999999986,Q3
2026-06-10,PUT,43.55,4.249999999999986,Q2
2026-06-17,PUT,31.90000000000001,3.8000000000000114,Q2
2026-07-01,PUT,26.450000000000003,4.25,Q2
2026-07-08,PUT,23.599999999999994,8.949999999999989,Q3
2026-07-15,PUT,34.3,19.8,Q4
