expiry_date,observation_date,observation_timestamp_ist,spot_10am,expiry_settlement_proxy,point_move,expiry_return,realized_direction,atm_strike,strike_interval,ce_otm6,ce_otm7,ce_otm8,pe_otm6,pe_otm7,pe_otm8,call_score,put_score,spread,relative_spread,prediction,prediction_correct,option_price_method,spot_price_method
2024-01-04,2023-12-29,2023-12-29T10:00:00+05:30,21724.15,21658.6,-65.55000000000291,-0.0030173792760592733,bearish,21700.0,50.0,58.5,46.55,36.65,42.1,34.25,28.05,24.69999999999999,20.199999999999996,4.499999999999993,0.10022271714922036,bearish,True,10:00_bar_open,10:00_bar_open
2024-01-11,2024-01-05,2024-01-05T10:00:00+05:30,21741.15,21647.2,-93.95000000000073,-0.00432129855136465,bearish,21750.0,50.0,22.7,16.5,11.9,26.6,20.5,16.0,5.699999999999999,9.899999999999999,-4.199999999999999,-0.2692307692307692,bullish,False,10:00_bar_open,10:00_bar_open
2024-01-18,2024-01-12,2024-01-12T10:00:00+05:30,21754.2,21462.25,-291.9500000000007,-0.013420396980812987,bearish,21750.0,50.0,29.4,21.35,15.05,34.4,27.85,22.65,7.000000000000007,16.1,-9.099999999999994,-0.39393939393939353,bullish,False,10:00_bar_open,10:00_bar_open
2024-01-25,2024-01-19,2024-01-19T10:00:00+05:30,21640.6,21352.6,-288.0,-0.013308318623328375,bearish,21650.0,50.0,49.25,39.2,31.55,50.2,42.1,34.85,21.5,26.75,-5.25,-0.10880829015544041,bullish,False,10:00_bar_open,10:00_bar_open
2024-02-01,2024-01-25,2024-01-25T10:00:00+05:30,21372.1,21697.45,325.3500000000022,0.01522311799027709,bullish,21350.0,50.0,115.05,97.05,81.85,75.8,66.8,58.55,63.84999999999998,49.55,14.299999999999983,0.12610229276895932,bearish,False,10:00_bar_open,10:00_bar_open
2024-02-08,2024-02-02,2024-02-02T10:00:00+05:30,21925.15,21717.95,-207.20000000000073,-0.0094503344332878,bearish,21950.0,50.0,57.2,45.3,36.0,49.65,41.4,35.1,24.099999999999994,26.85,-2.750000000000007,-0.05397448478900898,bullish,False,10:00_bar_open,10:00_bar_open
2024-02-15,2024-02-09,2024-02-09T10:00:00+05:30,21678.25,21910.75,232.5,0.010725035461810695,bullish,21700.0,50.0,62.55,50.85,40.85,76.05,65.1,55.3,29.150000000000006,44.349999999999994,-15.199999999999989,-0.20680272108843523,bullish,True,10:00_bar_open,10:00_bar_open
2024-02-22,2024-02-16,2024-02-16T10:00:00+05:30,22006.1,22217.45,211.35000000000218,0.00960415521150959,bullish,22000.0,50.0,57.5,44.65,34.7,51.0,42.7,35.7,21.849999999999994,27.400000000000006,-5.550000000000011,-0.11269035532994946,bullish,True,10:00_bar_open,10:00_bar_open
2024-02-29,2024-02-23,2024-02-23T10:00:00+05:30,22254.85,21982.8,-272.0499999999993,-0.0122243016690744,bearish,22250.0,50.0,56.5,44.5,34.65,55.6,46.2,38.65,22.650000000000006,29.249999999999993,-6.599999999999987,-0.12716763005780324,bullish,False,10:00_bar_open,10:00_bar_open
2024-03-14,2024-03-07,2024-03-07T10:00:00+05:30,22471.1,22146.65,-324.4499999999971,-0.01443854550956547,bearish,22450.0,50.0,49.9,38.1,29.2,41.65,34.3,28.25,17.4,20.9,-3.5,-0.09138381201044388,bullish,False,10:00_bar_open,10:00_bar_open
2024-03-21,2024-03-15,2024-03-15T10:00:00+05:30,21985.15,22011.95,26.799999999999272,0.0012190046463180781,bullish,22000.0,50.0,47.2,37.4,28.65,64.7,54.55,45.95,18.849999999999994,35.8,-16.950000000000003,-0.3101555352241538,bullish,True,10:00_bar_open,10:00_bar_open
2024-03-28,2024-03-21,2024-03-21T10:00:00+05:30,22006.8,22326.9,320.1000000000022,0.014545504116909358,bullish,22000.0,50.0,57.3,44.0,34.15,35.85,28.85,23.75,20.85000000000001,16.75,4.1000000000000085,0.10904255319148956,bearish,False,10:00_bar_open,10:00_bar_open
2024-04-04,2024-03-28,2024-03-28T10:00:00+05:30,22300.6,22514.65,214.0500000000029,0.00959839645570093,bullish,22300.0,50.0,49.95,37.7,28.5,37.5,31.45,25.85,16.25,19.799999999999997,-3.549999999999997,-0.09847434119278772,bullish,True,10:00_bar_open,10:00_bar_open
2024-04-10,2024-04-04,2024-04-04T10:00:00+05:30,22401.8,22753.8,352.0,0.015713023060646814,bullish,22400.0,50.0,44.65,34.1,26.3,35.5,28.6,23.1,15.750000000000007,16.200000000000003,-0.44999999999999574,-0.014084507042253383,bullish,True,10:00_bar_open,10:00_bar_open
2024-04-18,2024-04-10,2024-04-10T10:00:00+05:30,22701.85,21995.85,-706.0,-0.031098787103253756,bearish,22700.0,50.0,39.4,29.6,21.9,38.05,31.55,26.0,12.100000000000001,19.5,-7.399999999999999,-0.23417721518987336,bullish,False,10:00_bar_open,10:00_bar_open
2024-04-25,2024-04-19,2024-04-19T10:00:00+05:30,21869.75,22570.35,700.5999999999985,0.03203511699950834,bullish,21850.0,50.0,62.15,49.2,38.75,73.15,64.5,56.4,25.800000000000004,47.75,-21.949999999999996,-0.29843643779741663,bullish,True,10:00_bar_open,10:00_bar_open
2024-05-02,2024-04-25,2024-04-25T10:00:00+05:30,22400.85,22648.2,247.35000000000218,0.01104199171013609,bullish,22400.0,50.0,39.1,29.2,21.8,39.25,32.5,27.0,11.899999999999999,20.25,-8.350000000000001,-0.2597200622083982,bullish,True,10:00_bar_open,10:00_bar_open
2024-05-09,2024-05-03,2024-05-03T10:00:00+05:30,22767.7,21957.5,-810.2000000000007,-0.03558550051168985,bearish,22750.0,50.0,39.7,28.65,20.65,35.25,28.75,23.35,9.599999999999994,16.85,-7.250000000000007,-0.27410207939508535,bullish,False,10:00_bar_open,10:00_bar_open
2024-05-16,2024-05-10,2024-05-10T10:00:00+05:30,22108.25,22403.85,295.59999999999854,0.013370574333110952,bullish,22100.0,50.0,63.65,50.65,39.95,51.55,43.05,36.0,26.949999999999996,27.5,-0.5500000000000043,-0.01010101010101018,bullish,True,10:00_bar_open,10:00_bar_open
2024-05-23,2024-05-17,2024-05-17T10:00:00+05:30,22407.2,22967.65,560.4500000000007,0.02501204969831128,bullish,22400.0,50.0,42.5,32.75,24.9,46.2,38.3,31.55,15.149999999999999,23.64999999999999,-8.499999999999993,-0.21907216494845347,bullish,True,10:00_bar_open,10:00_bar_open
2024-05-30,2024-05-24,2024-05-24T10:00:00+05:30,22944.85,22488.65,-456.1999999999971,-0.01988245728344251,bearish,22950.0,50.0,63.75,51.95,42.0,63.0,53.7,45.4,30.200000000000003,36.099999999999994,-5.8999999999999915,-0.08898944193061828,bullish,False,10:00_bar_open,10:00_bar_open
2024-06-06,2024-05-31,2024-05-31T10:00:00+05:30,22576.9,22821.4,244.5,0.010829653318214616,bullish,22600.0,50.0,250.55,230.0,211.6,272.0,255.1,239.8,191.05,222.89999999999998,-31.849999999999966,-0.07694165962072706,bullish,True,10:00_bar_open,10:00_bar_open
2024-06-13,2024-06-07,2024-06-07T10:00:00+05:30,22978.3,23398.9,420.6000000000022,0.018304226161204307,bullish,23000.0,50.0,91.95,78.5,66.65,122.0,108.95,96.8,53.2,83.75,-30.549999999999997,-0.2230741146403797,bullish,True,10:00_bar_open,10:00_bar_open
2024-06-20,2024-06-13,2024-06-13T10:00:00+05:30,23402.25,23567.0,164.75,0.007039921375081359,bullish,23400.0,50.0,47.25,37.2,29.4,58.75,49.75,42.1,19.349999999999994,33.099999999999994,-13.75,-0.2621544327931364,bullish,True,10:00_bar_open,10:00_bar_open
2024-06-27,2024-06-21,2024-06-21T10:00:00+05:30,23610.55,24044.5,433.9500000000007,0.018379495606836826,bullish,23600.0,50.0,30.6,22.5,16.5,39.2,31.95,26.0,8.399999999999999,18.75,-10.350000000000001,-0.38121546961325975,bullish,True,10:00_bar_open,10:00_bar_open
2024-07-04,2024-06-28,2024-06-28T10:00:00+05:30,24134.45,24302.15,167.70000000000073,0.0069485735121372905,bullish,24150.0,50.0,49.95,40.95,30.95,66.8,57.1,48.75,21.950000000000003,39.05,-17.099999999999994,-0.2803278688524589,bullish,True,10:00_bar_open,10:00_bar_open
2024-07-11,2024-07-05,2024-07-05T10:00:00+05:30,24187.75,24315.95,128.20000000000073,0.00530020361546657,bullish,24200.0,50.0,30.95,22.85,17.1,35.75,28.4,22.7,9.000000000000004,15.349999999999994,-6.349999999999991,-0.2607802874743323,bullish,True,10:00_bar_open,10:00_bar_open
2024-07-18,2024-07-11,2024-07-11T10:00:00+05:30,24342.65,24800.85,458.1999999999971,0.01882293012469871,bullish,24350.0,50.0,35.0,26.5,20.05,36.1,29.5,23.55,11.549999999999997,16.949999999999996,-5.399999999999999,-0.18947368421052632,bullish,True,10:00_bar_open,10:00_bar_open
2024-07-25,2024-07-19,2024-07-19T10:00:00+05:30,24718.9,24406.1,-312.8000000000029,-0.012654284778044422,bearish,24700.0,50.0,107.95,92.25,78.75,104.35,92.0,80.6,63.05,68.25,-5.200000000000003,-0.039603960396039625,bullish,False,10:00_bar_open,10:00_bar_open
2024-08-01,2024-07-26,2024-07-26T10:00:00+05:30,24548.65,25010.9,462.25,0.018829956026095163,bullish,24550.0,50.0,33.7,25.05,18.4,46.2,38.1,31.1,9.75,23.0,-13.25,-0.40458015267175573,bullish,True,10:00_bar_open,10:00_bar_open
2024-08-08,2024-08-02,2024-08-02T10:00:00+05:30,24739.25,24117.0,-622.25,-0.02515233889467139,bearish,24750.0,50.0,42.7,33.95,26.7,70.9,60.15,50.5,17.950000000000003,39.75,-21.799999999999997,-0.37781629116117843,bullish,False,10:00_bar_open,10:00_bar_open
2024-08-14,2024-08-08,2024-08-08T10:00:00+05:30,24204.95,24143.75,-61.20000000000073,-0.002528408445380048,bearish,24200.0,50.0,82.9,70.0,57.2,97.65,85.05,75.25,44.3,62.650000000000006,-18.35000000000001,-0.17157550257129509,bullish,False,10:00_bar_open,10:00_bar_open
2024-08-22,2024-08-16,2024-08-16T10:00:00+05:30,24299.1,24811.5,512.4000000000015,0.021087200760522062,bullish,24300.0,50.0,40.65,30.8,23.25,51.95,43.2,35.65,13.399999999999999,26.89999999999999,-13.499999999999993,-0.33498759305210907,bullish,True,10:00_bar_open,10:00_bar_open
2024-08-29,2024-08-23,2024-08-23T10:00:00+05:30,24822.15,25151.95,329.7999999999993,0.013286520305452854,bullish,24800.0,50.0,36.55,27.0,19.9,30.4,24.65,20.05,10.350000000000001,14.300000000000004,-3.950000000000003,-0.16024340770791082,bullish,True,10:00_bar_open,10:00_bar_open
2024-09-05,2024-08-30,2024-08-30T10:00:00+05:30,25224.9,25145.1,-79.80000000000291,-0.0031635407870795884,bearish,25200.0,50.0,37.8,28.0,20.25,33.5,26.85,21.9,10.450000000000003,15.25,-4.799999999999997,-0.18677042801556407,bullish,False,10:00_bar_open,10:00_bar_open
2024-09-12,2024-09-06,2024-09-06T10:00:00+05:30,24993.65,25388.9,395.25,0.015814016760257177,bullish,25000.0,50.0,41.0,31.7,24.0,56.4,47.15,39.05,14.700000000000003,29.79999999999999,-15.099999999999987,-0.33932584269662897,bullish,True,10:00_bar_open,10:00_bar_open
2024-09-19,2024-09-13,2024-09-13T10:00:00+05:30,25327.2,25415.8,88.59999999999854,0.0034982153574023567,bullish,25350.0,50.0,28.05,21.4,16.2,56.2,47.2,38.9,9.549999999999994,29.89999999999999,-20.349999999999998,-0.5158428390367554,bullish,True,10:00_bar_open,10:00_bar_open
2024-09-26,2024-09-20,2024-09-20T10:00:00+05:30,25586.7,26216.05,629.3499999999985,0.024596763162111568,bullish,25600.0,50.0,30.7,23.45,17.55,62.3,54.4,46.75,10.3,38.85000000000001,-28.550000000000008,-0.5808748728382503,bullish,True,10:00_bar_open,10:00_bar_open
2024-10-03,2024-09-26,2024-09-26T10:00:00+05:30,26045.95,25250.1,-795.8500000000022,-0.030555614212574356,bearish,26050.0,50.0,55.7,44.0,35.15,48.55,40.45,34.3,23.450000000000003,26.200000000000003,-2.75,-0.05538771399798589,bullish,False,10:00_bar_open,10:00_bar_open
2024-10-10,2024-10-04,2024-10-04T10:00:00+05:30,25279.3,24998.45,-280.84999999999854,-0.011109880415992479,bearish,25300.0,50.0,70.35,58.2,47.05,77.15,69.15,61.85,34.900000000000006,53.849999999999994,-18.94999999999999,-0.21352112676056326,bullish,False,10:00_bar_open,10:00_bar_open
2024-10-17,2024-10-11,2024-10-11T10:00:00+05:30,24992.3,24749.85,-242.45000000000073,-0.009700987904274538,bearish,25000.0,50.0,49.5,39.1,30.4,54.35,46.0,38.05,20.0,29.699999999999996,-9.699999999999996,-0.19517102615694157,bullish,False,10:00_bar_open,10:00_bar_open
2024-10-24,2024-10-18,2024-10-18T10:00:00+05:30,24645.45,24399.4,-246.04999999999927,-0.009983587234154712,bearish,24650.0,50.0,53.3,42.35,33.1,60.45,51.7,43.85,22.150000000000006,35.10000000000001,-12.950000000000003,-0.2262008733624454,bullish,False,10:00_bar_open,10:00_bar_open
2024-10-31,2024-10-25,2024-10-25T10:00:00+05:30,24252.0,24205.35,-46.650000000001455,-0.0019235526966848715,bearish,24250.0,50.0,53.2,42.45,33.7,68.6,59.5,50.75,22.950000000000003,41.650000000000006,-18.700000000000003,-0.2894736842105263,bullish,False,10:00_bar_open,10:00_bar_open
2024-11-14,2024-11-08,2024-11-08T10:00:00+05:30,24191.85,23532.7,-659.1499999999978,-0.027246779390579845,bearish,24200.0,50.0,61.2,49.15,39.55,66.7,57.3,49.05,27.499999999999986,39.64999999999999,-12.150000000000006,-0.18093819806403588,bullish,False,10:00_bar_open,10:00_bar_open
2024-11-21,2024-11-13,2024-11-13T10:00:00+05:30,23793.9,23349.9,-444.0,-0.01866024485267237,bearish,23800.0,50.0,77.4,64.85,53.9,78.4,67.7,59.15,41.349999999999994,48.44999999999999,-7.099999999999994,-0.0790645879732739,bullish,False,10:00_bar_open,10:00_bar_open
2024-11-28,2024-11-22,2024-11-22T10:00:00+05:30,23499.75,23914.15,414.40000000000146,0.017634230151384545,bullish,23500.0,50.0,66.6,54.0,43.2,78.35,69.0,59.1,30.60000000000001,49.75,-19.14999999999999,-0.2383322962041069,bullish,True,10:00_bar_open,10:00_bar_open
2024-12-05,2024-11-29,2024-11-29T10:00:00+05:30,24062.55,24708.4,645.8500000000022,0.026840463708127427,bullish,24050.0,50.0,91.4,75.75,62.4,72.15,62.25,54.4,46.75,44.5,2.25,0.024657534246575342,bearish,False,10:00_bar_open,10:00_bar_open
2024-12-12,2024-12-06,2024-12-06T10:00:00+05:30,24688.05,24548.7,-139.34999999999854,-0.005644431212671663,bearish,24700.0,50.0,95.95,81.05,69.35,115.7,102.2,89.0,54.449999999999974,75.49999999999999,-21.05000000000001,-0.16198537899192011,bullish,False,10:00_bar_open,10:00_bar_open
2024-12-19,2024-12-13,2024-12-13T10:00:00+05:30,24382.45,23951.7,-430.75,-0.017666395296617066,bearish,24400.0,50.0,53.25,43.5,35.2,63.9,53.35,44.3,25.450000000000003,33.75000000000001,-8.300000000000004,-0.14020270270270274,bullish,False,10:00_bar_open,10:00_bar_open
2024-12-26,2024-12-19,2024-12-19T10:00:00+05:30,23962.95,23750.2,-212.75,-0.008878289192273958,bearish,23950.0,50.0,105.65,90.45,79.0,85.0,74.55,67.0,63.79999999999998,56.55000000000001,7.249999999999972,0.06024096385542145,bearish,True,10:00_bar_open,10:00_bar_open
2025-01-02,2024-12-27,2024-12-27T10:00:00+05:30,23919.05,24188.65,269.6000000000022,0.01127135065982987,bullish,23900.0,50.0,64.35,50.15,38.4,50.8,43.25,36.9,24.200000000000003,29.35000000000001,-5.150000000000006,-0.09617180205415508,bullish,True,10:00_bar_open,10:00_bar_open
2025-01-09,2025-01-03,2025-01-03T10:00:00+05:30,24057.9,23526.5,-531.4000000000015,-0.022088378453647306,bearish,24050.0,50.0,68.25,56.25,46.3,69.65,58.6,49.05,34.3,38.0,-3.700000000000003,-0.051175656984785656,bullish,False,10:00_bar_open,10:00_bar_open
2025-01-16,2025-01-10,2025-01-10T10:00:00+05:30,23369.6,23311.8,-57.79999999999927,-0.0024732986443927185,bearish,23350.0,50.0,89.6,74.55,61.6,77.15,66.6,57.55,46.55000000000001,46.999999999999986,-0.4499999999999744,-0.004810261892036071,bullish,False,10:00_bar_open,10:00_bar_open
2025-01-23,2025-01-17,2025-01-17T10:00:00+05:30,23226.4,23205.35,-21.05000000000291,-0.0009062962835395538,bearish,23250.0,50.0,50.75,39.9,31.4,62.05,51.95,44.35,20.549999999999997,34.250000000000014,-13.700000000000017,-0.2500000000000003,bullish,False,10:00_bar_open,10:00_bar_open
2025-01-30,2025-01-24,2025-01-24T10:00:00+05:30,23144.25,23249.5,105.25,0.004547565810082421,bullish,23150.0,50.0,78.6,65.2,53.75,85.5,73.4,62.9,40.35000000000001,50.80000000000001,-10.450000000000003,-0.11464618760285245,bullish,True,10:00_bar_open,10:00_bar_open
2025-02-06,2025-02-01,2025-02-01T10:00:00+05:30,23558.05,23603.35,45.29999999999927,0.0019229095786790218,bullish,23550.0,50.0,121.6,106.65,92.7,117.85,106.6,95.7,77.75000000000003,84.45000000000002,-6.699999999999989,-0.04130702836004924,bullish,True,10:00_bar_open,10:00_bar_open
2025-02-13,2025-02-07,2025-02-07T10:00:00+05:30,23606.55,23031.4,-575.1499999999978,-0.024364000669305663,bearish,23600.0,50.0,78.25,63.9,51.9,68.2,58.45,49.4,37.55,39.64999999999999,-2.0999999999999943,-0.027202072538860034,bullish,False,10:00_bar_open,10:00_bar_open
2025-02-20,2025-02-14,2025-02-14T10:00:00+05:30,23050.5,22913.15,-137.34999999999854,-0.005958655994446893,bearish,23050.0,50.0,65.85,52.9,41.95,59.25,49.3,41.65,29.0,31.69999999999999,-2.6999999999999886,-0.044481054365732936,bullish,False,10:00_bar_open,10:00_bar_open
2025-02-27,2025-02-20,2025-02-20T10:00:00+05:30,22884.45,22545.05,-339.40000000000146,-0.014831031551992835,bearish,22900.0,50.0,67.0,55.3,44.75,68.05,58.15,49.1,33.05,39.2,-6.150000000000006,-0.08512110726643607,bullish,False,10:00_bar_open,10:00_bar_open
2025-03-06,2025-02-28,2025-02-28T10:00:00+05:30,22235.4,22544.7,309.2999999999993,0.013910251221025849,bullish,22250.0,50.0,42.95,32.6,24.75,37.25,29.95,24.0,14.399999999999999,16.700000000000003,-2.3000000000000043,-0.07395498392282972,bullish,True,10:00_bar_open,10:00_bar_open
2025-03-13,2025-03-07,2025-03-07T10:00:00+05:30,22548.85,22397.2,-151.64999999999782,-0.006725398412779304,bearish,22550.0,50.0,40.95,31.6,24.0,45.65,36.95,30.4,14.649999999999999,21.699999999999996,-7.049999999999997,-0.19394773039889954,bullish,False,10:00_bar_open,10:00_bar_open
2025-03-20,2025-03-13,2025-03-13T10:00:00+05:30,22529.2,23190.65,661.4500000000007,0.02935967544342466,bullish,22550.0,50.0,33.15,25.15,19.1,46.0,37.45,30.5,11.100000000000001,21.950000000000003,-10.850000000000001,-0.32829046898638425,bullish,True,10:00_bar_open,10:00_bar_open
2025-03-27,2025-03-21,2025-03-21T10:00:00+05:30,23263.75,23591.95,328.2000000000007,0.014107785718123766,bullish,23250.0,50.0,35.4,26.5,20.2,32.25,25.7,20.85,11.300000000000004,14.299999999999997,-2.999999999999993,-0.11718749999999972,bullish,True,10:00_bar_open,10:00_bar_open
2025-04-03,2025-03-27,2025-03-27T10:00:00+05:30,23585.8,23250.1,-335.7000000000007,-0.014233140279320655,bearish,23600.0,50.0,72.0,60.4,50.0,56.9,49.0,41.95,38.400000000000006,34.050000000000004,4.350000000000001,0.06004140786749483,bearish,True,10:00_bar_open,10:00_bar_open
2025-04-09,2025-04-03,2025-04-03T10:00:00+05:30,23234.95,22399.15,-835.7999999999993,-0.03597167198552176,bearish,23250.0,50.0,50.7,40.15,31.9,65.0,55.35,47.2,21.349999999999994,37.55000000000001,-16.200000000000017,-0.275042444821732,bullish,False,10:00_bar_open,10:00_bar_open
2025-04-17,2025-04-09,2025-04-09T10:00:00+05:30,22387.15,23851.65,1464.5,0.06541699144375235,bullish,22400.0,50.0,179.1,161.1,144.25,197.15,181.0,170.4,126.25000000000003,154.24999999999997,-27.999999999999943,-0.0998217468805702,bullish,True,10:00_bar_open,10:00_bar_open
2025-04-24,2025-04-17,2025-04-17T10:00:00+05:30,23413.05,24246.7,833.6500000000015,0.035606211066050886,bullish,23400.0,50.0,82.65,68.9,58.0,83.4,72.85,63.55,44.25,52.99999999999997,-8.749999999999972,-0.0899742930591257,bullish,True,10:00_bar_open,10:00_bar_open
2025-04-30,2025-04-24,2025-04-24T10:00:00+05:30,24270.7,24334.2,63.5,0.0026163233858109702,bullish,24250.0,50.0,99.0,84.9,72.55,73.3,64.9,58.4,58.44999999999999,50.000000000000014,8.449999999999974,0.07791609036422291,bearish,False,10:00_bar_open,10:00_bar_open
2025-05-08,2025-05-02,2025-05-02T10:00:00+05:30,24571.2,24273.8,-297.40000000000146,-0.012103600963729977,bearish,24550.0,50.0,86.45,70.55,57.3,80.85,73.2,66.0,41.39999999999999,58.349999999999994,-16.950000000000003,-0.16992481203007523,bullish,False,10:00_bar_open,10:00_bar_open
2025-05-15,2025-05-09,2025-05-09T10:00:00+05:30,24012.6,25062.1,1049.5,0.04370622090069376,bullish,24000.0,50.0,107.0,91.85,77.05,167.25,158.3,150.15,61.89999999999998,141.20000000000005,-79.30000000000007,-0.39044805514524894,bullish,True,10:00_bar_open,10:00_bar_open
2025-05-22,2025-05-16,2025-05-16T10:00:00+05:30,24991.55,24609.7,-381.84999999999854,-0.015279164357552832,bearish,25000.0,50.0,72.6,61.7,52.05,86.5,75.9,66.75,41.150000000000006,56.150000000000006,-15.0,-0.1541623843782117,bullish,False,10:00_bar_open,10:00_bar_open
2025-05-29,2025-05-23,2025-05-23T10:00:00+05:30,24795.45,24833.6,38.14999999999782,0.0015385887330134906,bullish,24800.0,50.0,91.7,77.9,65.3,84.35,73.55,63.2,51.499999999999986,52.400000000000006,-0.9000000000000199,-0.008662175168431376,bullish,True,10:00_bar_open,10:00_bar_open
2025-06-05,2025-05-30,2025-05-30T10:00:00+05:30,24806.85,24750.9,-55.94999999999709,-0.0022554254167698184,bearish,24800.0,50.0,103.05,88.75,75.85,76.6,64.95,54.8,61.55,43.150000000000006,18.39999999999999,0.1757402101241642,bearish,True,10:00_bar_open,10:00_bar_open
2025-06-12,2025-06-06,2025-06-06T10:00:00+05:30,24713.25,24888.2,174.95000000000073,0.007079198405713472,bullish,24700.0,50.0,74.4,62.1,51.55,65.95,55.05,46.15,39.25,35.249999999999986,4.000000000000014,0.053691275167785435,bearish,False,10:00_bar_open,10:00_bar_open
2025-06-19,2025-06-13,2025-06-13T10:00:00+05:30,24641.2,24793.25,152.04999999999927,0.006170559875330772,bullish,24650.0,50.0,69.85,57.75,48.05,90.5,80.0,70.6,35.95,60.099999999999994,-24.14999999999999,-0.25143154606975526,bullish,True,10:00_bar_open,10:00_bar_open
2025-06-26,2025-06-20,2025-06-20T10:00:00+05:30,24864.35,25549.0,684.6500000000015,0.02753540711902791,bullish,24850.0,50.0,54.0,42.25,33.35,51.3,43.85,37.25,21.599999999999994,29.799999999999997,-8.200000000000003,-0.15953307392996116,bullish,True,10:00_bar_open,10:00_bar_open
2025-07-03,2025-06-27,2025-06-27T10:00:00+05:30,25544.5,25405.3,-139.20000000000073,-0.005449313942335943,bearish,25550.0,50.0,53.05,42.35,33.9,58.9,49.95,42.65,23.200000000000003,33.699999999999996,-10.499999999999993,-0.1845342706502635,bullish,False,10:00_bar_open,10:00_bar_open
2025-07-10,2025-07-04,2025-07-04T10:00:00+05:30,25414.05,25355.25,-58.79999999999927,-0.0023136808182875335,bearish,25400.0,50.0,49.7,39.65,31.75,42.6,35.05,28.55,21.700000000000003,20.999999999999993,0.70000000000001,0.016393442622951053,bearish,True,10:00_bar_open,10:00_bar_open
2025-07-17,2025-07-11,2025-07-11T10:00:00+05:30,25287.05,25111.45,-175.59999999999854,-0.006944265938494176,bearish,25300.0,50.0,32.05,25.0,19.55,31.75,25.55,20.8,12.5,14.600000000000001,-2.1000000000000014,-0.07749077490774912,bullish,False,10:00_bar_open,10:00_bar_open
2025-07-24,2025-07-18,2025-07-18T10:00:00+05:30,25040.3,25062.1,21.799999999999272,0.0008705965982835906,bullish,25050.0,50.0,34.05,26.75,20.85,30.5,24.55,19.95,13.550000000000004,14.0,-0.44999999999999574,-0.01633393829401073,bullish,True,10:00_bar_open,10:00_bar_open
2025-07-31,2025-07-25,2025-07-25T10:00:00+05:30,24928.85,24768.35,-160.5,-0.0064383234685916335,bearish,24950.0,50.0,31.75,24.9,19.5,34.7,28.45,23.35,12.649999999999999,17.099999999999994,-4.449999999999996,-0.149579831932773,bullish,False,10:00_bar_open,10:00_bar_open
2025-08-07,2025-08-01,2025-08-01T10:00:00+05:30,24696.55,24596.15,-100.39999999999782,-0.004065345159546485,bearish,24700.0,50.0,47.4,38.15,30.3,49.9,41.5,34.65,21.050000000000004,26.250000000000007,-5.200000000000003,-0.10993657505285416,bullish,False,10:00_bar_open,10:00_bar_open
2025-08-14,2025-08-08,2025-08-08T10:00:00+05:30,24477.15,24631.3,154.14999999999782,0.006297710313496463,bullish,24500.0,50.0,35.85,27.75,21.4,39.1,31.95,26.25,13.299999999999997,19.1,-5.800000000000004,-0.17901234567901247,bullish,True,10:00_bar_open,10:00_bar_open
2025-08-21,2025-08-14,2025-08-14T10:00:00+05:30,24633.45,25083.75,450.2999999999993,0.018280021677840486,bullish,24650.0,50.0,46.65,36.75,28.7,44.25,37.1,30.75,18.800000000000004,23.599999999999994,-4.79999999999999,-0.11320754716981109,bullish,True,10:00_bar_open,10:00_bar_open
2025-08-28,2025-08-21,2025-08-21T10:00:00+05:30,25104.75,24500.9,-603.8499999999985,-0.024053217020683304,bearish,25100.0,50.0,38.85,29.9,23.4,33.9,28.1,23.55,14.449999999999996,17.750000000000007,-3.3000000000000114,-0.10248447204968979,bullish,False,10:00_bar_open,10:00_bar_open
2025-09-02,2025-08-26,2025-08-26T10:00:00+05:30,24795.8,24579.6,-216.20000000000073,-0.008719218577339705,bearish,24800.0,50.0,42.0,33.8,27.3,37.25,31.3,26.1,19.099999999999994,20.150000000000006,-1.0500000000000114,-0.026751592356688187,bullish,False,10:00_bar_open,10:00_bar_open
2025-09-09,2025-09-03,2025-09-03T10:00:00+05:30,24578.4,24868.6,290.1999999999971,0.011807115190573647,bullish,24600.0,50.0,25.95,19.65,15.05,29.9,23.65,18.95,8.750000000000004,12.699999999999996,-3.949999999999992,-0.1841491841491838,bullish,True,10:00_bar_open,10:00_bar_open
2025-09-16,2025-09-10,2025-09-10T10:00:00+05:30,25000.45,25239.1,238.64999999999782,0.009545828175092863,bullish,25000.0,50.0,31.25,23.3,17.45,28.55,23.0,18.8,9.5,13.249999999999996,-3.7499999999999964,-0.1648351648351647,bullish,True,10:00_bar_open,10:00_bar_open
2025-09-23,2025-09-17,2025-09-17T10:00:00+05:30,25320.35,25169.5,-150.84999999999854,-0.005957658563171431,bearish,25300.0,50.0,29.6,21.75,16.15,18.95,15.25,12.85,8.299999999999997,9.150000000000002,-0.850000000000005,-0.04871060171919799,bullish,False,10:00_bar_open,10:00_bar_open
2025-09-30,2025-09-24,2025-09-24T10:00:00+05:30,25091.7,24611.1,-480.6000000000022,-0.01915374406676318,bearish,25100.0,50.0,28.35,21.55,16.7,22.05,17.5,14.1,9.899999999999999,9.55,0.34999999999999787,0.017994858611825083,bearish,True,10:00_bar_open,10:00_bar_open
2025-10-07,2025-09-30,2025-09-30T10:00:00+05:30,24659.25,25108.3,449.0499999999993,0.018210205095450904,bullish,24650.0,50.0,59.4,48.15,38.35,42.0,35.65,30.7,27.1,24.349999999999994,2.750000000000007,0.05344995140913523,bearish,False,10:00_bar_open,10:00_bar_open
2025-10-14,2025-10-07,2025-10-07T10:00:00+05:30,25181.35,25145.5,-35.849999999998545,-0.0014236726783909415,bearish,25200.0,50.0,32.35,24.95,19.65,34.8,29.05,24.5,12.249999999999993,18.75,-6.500000000000007,-0.209677419354839,bullish,False,10:00_bar_open,10:00_bar_open
2025-11-04,2025-10-29,2025-10-29T10:00:00+05:30,25983.6,25597.65,-385.9499999999971,-0.014853599963053465,bearish,26000.0,50.0,58.55,47.2,37.95,41.05,33.9,27.95,26.60000000000001,20.799999999999997,5.800000000000011,0.12236286919831246,bearish,True,10:00_bar_open,10:00_bar_open
2025-11-11,2025-11-04,2025-11-04T10:00:00+05:30,25704.7,25694.95,-9.75,-0.00037930806428398967,bearish,25700.0,50.0,63.1,51.15,41.05,48.25,39.6,32.45,29.099999999999987,23.80000000000001,5.299999999999976,0.10018903591682374,bearish,True,10:00_bar_open,10:00_bar_open
2025-11-18,2025-11-12,2025-11-12T10:00:00+05:30,25859.4,25910.05,50.64999999999782,0.0019586688012869224,bullish,25850.0,50.0,44.1,33.8,25.65,38.05,31.6,26.3,15.349999999999994,19.85000000000001,-4.500000000000014,-0.12784090909090948,bullish,True,10:00_bar_open,10:00_bar_open
2025-11-25,2025-11-19,2025-11-19T10:00:00+05:30,25920.15,25884.8,-35.35000000000218,-0.0013638038360118676,bearish,25900.0,50.0,50.15,38.9,29.9,36.3,29.6,24.5,18.65,17.800000000000004,0.8499999999999943,0.023319615912208345,bearish,True,10:00_bar_open,10:00_bar_open
2025-12-02,2025-11-26,2025-11-26T10:00:00+05:30,26077.45,26032.2,-45.25,-0.0017352156748454695,bearish,26100.0,50.0,44.0,33.55,25.65,35.95,29.1,23.55,15.199999999999996,16.700000000000003,-1.500000000000007,-0.047021943573667936,bullish,False,10:00_bar_open,10:00_bar_open
2025-12-09,2025-12-03,2025-12-03T10:00:00+05:30,25951.5,25839.65,-111.84999999999854,-0.0043099628152514224,bearish,25950.0,50.0,42.15,32.65,25.25,32.7,26.25,21.15,15.75,14.699999999999996,1.0500000000000043,0.0344827586206898,bearish,True,10:00_bar_open,10:00_bar_open
2025-12-16,2025-12-10,2025-12-10T10:00:00+05:30,25878.25,25860.1,-18.150000000001455,-0.0007013611816873988,bearish,25900.0,50.0,32.5,24.55,18.6,30.15,24.15,18.9,10.650000000000006,12.899999999999999,-2.249999999999993,-0.09554140127388504,bullish,False,10:00_bar_open,10:00_bar_open
2025-12-23,2025-12-17,2025-12-17T10:00:00+05:30,25868.35,26177.15,308.8000000000029,0.011937367478018546,bullish,25850.0,50.0,34.9,26.0,19.05,25.3,19.8,15.75,10.149999999999999,10.249999999999996,-0.09999999999999787,-0.004901960784313622,bullish,True,10:00_bar_open,10:00_bar_open
2025-12-30,2025-12-23,2025-12-23T10:00:00+05:30,26174.2,25938.85,-235.35000000000218,-0.008991678828770389,bearish,26150.0,50.0,35.45,26.4,18.75,24.55,19.95,16.05,9.699999999999996,11.45,-1.7500000000000036,-0.08274231678487017,bullish,False,10:00_bar_open,10:00_bar_open
2026-01-06,2025-12-31,2025-12-31T10:00:00+05:30,25984.7,26178.7,194.0,0.0074659318752958725,bullish,26000.0,50.0,19.35,13.45,9.3,15.7,12.0,9.25,3.3999999999999986,5.550000000000001,-2.150000000000002,-0.24022346368715108,bullish,True,10:00_bar_open,10:00_bar_open
2026-01-13,2026-01-07,2026-01-07T10:00:00+05:30,26138.95,25732.3,-406.65000000000146,-0.015557243118028863,bearish,26150.0,50.0,18.8,13.25,9.75,18.35,13.85,10.65,4.199999999999999,6.149999999999999,-1.9499999999999993,-0.18840579710144925,bullish,False,10:00_bar_open,10:00_bar_open
2026-01-20,2026-01-13,2026-01-13T10:00:00+05:30,25710.15,25232.5,-477.65000000000146,-0.018578265782191128,bearish,25700.0,50.0,66.65,54.75,45.05,54.6,46.45,39.95,33.14999999999999,31.800000000000004,1.3499999999999872,0.020785219399537914,bearish,True,10:00_bar_open,10:00_bar_open
2026-01-27,2026-01-20,2026-01-20T10:00:00+05:30,25458.7,25175.4,-283.2999999999993,-0.011127826636866733,bearish,25450.0,50.0,61.65,50.2,41.45,48.95,40.6,33.55,30.000000000000007,25.200000000000003,4.800000000000004,0.0869565217391305,bearish,True,10:00_bar_open,10:00_bar_open
2026-02-03,2026-01-29,2026-01-29T10:00:00+05:30,25185.3,25727.55,542.25,0.021530416552512754,bullish,25200.0,50.0,91.5,78.5,67.25,94.85,82.8,72.7,54.25,60.650000000000006,-6.400000000000006,-0.05570060922541345,bullish,True,10:00_bar_open,10:00_bar_open
2026-02-10,2026-02-04,2026-02-04T10:00:00+05:30,25779.55,25935.15,155.60000000000218,0.006035791935856238,bullish,25800.0,50.0,62.4,51.9,43.3,72.85,62.1,53.95,32.79999999999999,43.20000000000002,-10.400000000000027,-0.13684210526315824,bullish,True,10:00_bar_open,10:00_bar_open
2026-02-17,2026-02-11,2026-02-11T10:00:00+05:30,25943.2,25725.4,-217.79999999999927,-0.008395263498720218,bearish,25950.0,50.0,33.15,25.2,19.7,35.7,29.8,25.25,11.75,19.349999999999994,-7.599999999999994,-0.2443729903536976,bullish,False,10:00_bar_open,10:00_bar_open
2026-02-24,2026-02-18,2026-02-18T10:00:00+05:30,25666.6,25424.65,-241.9499999999971,-0.009426647861422888,bearish,25650.0,50.0,46.2,36.75,29.05,43.0,36.35,31.0,19.599999999999994,24.349999999999994,-4.75,-0.10807736063708763,bullish,False,10:00_bar_open,10:00_bar_open
2026-03-02,2026-02-24,2026-02-24T10:00:00+05:30,25516.5,24865.7,-650.7999999999993,-0.025505065349871625,bearish,25500.0,50.0,81.9,68.15,55.5,75.2,65.65,56.6,41.75,47.05,-5.299999999999997,-0.05968468468468466,bullish,False,10:00_bar_open,10:00_bar_open
2026-03-10,2026-03-04,2026-03-04T10:00:00+05:30,24325.8,24261.6,-64.20000000000073,-0.0026391732234911647,bearish,24350.0,50.0,173.5,155.15,137.25,212.0,197.6,185.4,118.89999999999998,171.0,-52.10000000000002,-0.17971714384270449,bullish,False,10:00_bar_open,10:00_bar_open
2026-03-17,2026-03-11,2026-03-11T10:00:00+05:30,24154.6,23581.15,-573.4499999999971,-0.023740819554039283,bearish,24150.0,50.0,137.5,120.3,104.6,147.5,134.6,123.05,87.39999999999998,110.14999999999998,-22.75,-0.11516071880536576,bullish,False,10:00_bar_open,10:00_bar_open
2026-03-24,2026-03-18,2026-03-18T10:00:00+05:30,23691.15,22912.4,-778.75,-0.03287092437471373,bearish,23700.0,50.0,93.95,79.95,67.7,128.9,116.9,106.25,53.7,94.25,-40.55,-0.2740790807705306,bullish,False,10:00_bar_open,10:00_bar_open
2026-03-30,2026-03-23,2026-03-23T10:00:00+05:30,22597.45,22331.4,-266.0499999999993,-0.011773452314309818,bearish,22600.0,50.0,263.9,243.6,223.65,286.2,272.9,254.1,203.35000000000002,240.8,-37.44999999999999,-0.08431836091410556,bullish,False,10:00_bar_open,10:00_bar_open
2026-04-07,2026-03-30,2026-03-30T10:00:00+05:30,22614.7,23123.65,508.9500000000007,0.02250527311881223,bullish,22600.0,50.0,316.35,292.85,273.8,311.75,295.05,278.45,250.30000000000007,261.75,-11.449999999999932,-0.022361097549067337,bullish,True,10:00_bar_open,10:00_bar_open
2026-04-13,2026-04-07,2026-04-07T10:00:00+05:30,22889.35,23842.65,953.3000000000029,0.04164819009714127,bullish,22900.0,50.0,217.0,196.85,177.95,243.4,226.5,213.3,157.79999999999995,196.4,-38.60000000000005,-0.1089779785431961,bullish,True,10:00_bar_open,10:00_bar_open
2026-04-21,2026-04-15,2026-04-15T10:00:00+05:30,24216.8,24576.6,359.7999999999993,0.014857454329225916,bullish,24200.0,50.0,108.0,91.55,77.0,112.6,100.55,90.0,60.55000000000001,77.95000000000002,-17.400000000000006,-0.1256317689530686,bullish,True,10:00_bar_open,10:00_bar_open
2026-04-28,2026-04-22,2026-04-22T10:00:00+05:30,24382.9,23995.7,-387.2000000000007,-0.015879981462418313,bearish,24400.0,50.0,98.8,85.0,72.95,134.75,119.65,106.35,59.14999999999999,91.25,-32.10000000000001,-0.21343085106382986,bullish,False,10:00_bar_open,10:00_bar_open
2026-05-05,2026-04-28,2026-04-28T10:00:00+05:30,24154.35,24032.8,-121.54999999999927,-0.005032219869298915,bearish,24150.0,50.0,107.4,92.8,79.0,103.15,90.8,80.0,64.4,67.65,-3.25,-0.024611889435819764,bullish,False,10:00_bar_open,10:00_bar_open
2026-05-12,2026-05-06,2026-05-06T10:00:00+05:30,24140.6,23379.55,-761.0499999999993,-0.03152572844088375,bearish,24150.0,50.0,89.2,75.25,62.7,78.15,67.25,57.9,48.749999999999986,47.0,1.7499999999999858,0.018276762402088628,bearish,True,10:00_bar_open,10:00_bar_open
2026-05-19,2026-05-13,2026-05-13T10:00:00+05:30,23371.15,23618.0,246.84999999999854,0.010562167458597393,bullish,23350.0,50.0,137.35,119.35,104.25,114.0,102.0,90.65,86.25,78.65,7.599999999999994,0.04608853850818674,bearish,False,10:00_bar_open,10:00_bar_open
