label,kind,value,validation_trades,validation_mean_net_pnl,validation_median_net_pnl,validation_total_net_pnl,validation_win_rate,validation_profit_factor,validation_max_drawdown,validation_target_hit_rate,validation_spot_stop_rate,validation_expiry_rate,test_trades,test_mean_net_pnl,test_median_net_pnl,test_total_net_pnl,test_win_rate,test_profit_factor,test_max_drawdown,test_target_hit_rate,test_spot_stop_rate,test_expiry_rate
fixed_50,fixed,50.0,0,,,0.0,,inf,,,,,0,,,0.0,,inf,,,,
fixed_75,fixed,75.0,0,,,0.0,,inf,,,,,0,,,0.0,,inf,,,,
fixed_100,fixed,100.0,0,,,0.0,,inf,,,,,0,,,0.0,,inf,,,,
fixed_125,fixed,125.0,0,,,0.0,,inf,,,,,0,,,0.0,,inf,,,,
fixed_150,fixed,150.0,0,,,0.0,,inf,,,,,0,,,0.0,,inf,,,,
fixed_200,fixed,200.0,0,,,0.0,,inf,,,,,0,,,0.0,,inf,,,,
pct_0p0025,pct,0.0025,0,,,0.0,,inf,,,,,0,,,0.0,,inf,,,,
pct_0p004,pct,0.004,0,,,0.0,,inf,,,,,0,,,0.0,,inf,,,,
pct_0p005,pct,0.005,0,,,0.0,,inf,,,,,0,,,0.0,,inf,,,,
pct_0p0075,pct,0.0075,0,,,0.0,,inf,,,,,0,,,0.0,,inf,,,,
pct_0p01,pct,0.01,0,,,0.0,,inf,,,,,0,,,0.0,,inf,,,,
atr_0p5,atr,0.5,0,,,0.0,,inf,,,,,0,,,0.0,,inf,,,,
atr_0p75,atr,0.75,0,,,0.0,,inf,,,,,0,,,0.0,,inf,,,,
atr_1p0,atr,1.0,0,,,0.0,,inf,,,,,0,,,0.0,,inf,,,,
atr_1p25,atr,1.25,0,,,0.0,,inf,,,,,0,,,0.0,,inf,,,,
atr_1p5,atr,1.5,0,,,0.0,,inf,,,,,0,,,0.0,,inf,,,,
