side,trades,win_rate,avg_net,median_net,total_net,target_hit,avg_rolls,avg_orders,avg_fees,target_frac,slippage_points
CE,42,0.7857142857142857,506.141278861612,349.6679726775003,21257.933712187703,0.9761904761904762,0.0238095238095238,6.047619047619048,151.47181637648333,0.9,0.1
PE,42,0.8095238095238095,-1163.066736563781,287.36518415550006,-48848.8029356788,0.8095238095238095,0.1904761904761904,6.380952380952381,162.9298318018762,0.9,0.1
CE,42,0.7619047619047619,469.74577746867146,321.88187374125005,19729.3226536842,0.9761904761904762,0.0238095238095238,6.047619047619048,151.26612729323332,0.95,0.1
PE,42,0.7857142857142857,-1199.7648942864855,262.81050554999985,-50390.12556003239,0.8095238095238095,0.1904761904761904,6.380952380952381,162.80894190553332,0.95,0.1
CE,42,0.7142857142857143,192.26394060990955,274.79566396725,8075.085505616201,0.9285714285714286,0.0476190476190476,6.095238095238095,152.99796415199523,1.0,0.0
PE,42,0.7857142857142857,-1226.5536749438904,254.23667558625,-51515.2543476434,0.7857142857142857,0.1904761904761904,6.380952380952381,162.71081780103333,1.0,0.0
CE,42,0.7142857142857143,190.3521747970524,271.0623970052497,7994.7913414762,0.9285714285714286,0.0476190476190476,6.095238095238095,152.98115853628096,1.0,0.1
PE,42,0.7857142857142857,-1230.5538257567478,250.50460384124992,-51683.2606817834,0.7857142857142857,0.1904761904761904,6.380952380952381,162.69311147103332,1.0,0.1
CE,42,0.7142857142857143,185.4666689349095,265.46249656225,7789.600095266199,0.9285714285714286,0.0476190476190476,6.095238095238095,152.95595011270953,1.0,0.25
PE,42,0.7857142857142857,-1239.0927424522238,244.90649622375,-52041.8951829934,0.7857142857142857,0.1904761904761904,6.380952380952381,162.66655197603333,1.0,0.25
