trades,mean_net_pnl,median_net_pnl,total_net_pnl,win_rate,profit_factor,max_drawdown,target_hit_rate,expiry_rate,slippage_points,brokerage_per_order
56,2126.242176560243,1785.3748355769999,119069.56188737361,0.9642857142857143,8.127620072433624,-16705.374399497,0.9642857142857143,0.03571428571428571,0.0,10.0
56,2055.442176560243,1714.5748355770002,115104.76188737359,0.9642857142857143,7.832369964948146,-16846.97439949699,0.9642857142857143,0.03571428571428571,0.0,20.0
56,1913.842176560243,1572.974835577,107175.1618873736,0.9642857142857143,7.256513178903809,-17130.174399497002,0.9642857142857143,0.03571428571428571,0.0,40.0
56,2087.3295719415555,1745.3212288607501,116890.45602872712,0.9642857142857143,7.964673296320025,-16783.336569496998,0.9642857142857143,0.03571428571428571,0.1,10.0
56,2016.5295719415553,1674.52122886075,112925.6560287271,0.9642857142857143,7.672146484273835,-16924.936569497004,0.9642857142857143,0.03571428571428571,0.1,20.0
56,1874.9295719415554,1532.92122886075,104996.05602872711,0.9642857142857143,7.101535491927825,-17208.136569497,0.9642857142857143,0.03571428571428571,0.1,40.0
56,2024.546598463716,1684.2453871195,113374.6095139681,0.9642857142857143,7.70844569979435,-16900.279824497004,0.9642857142857143,0.03571428571428571,0.25,10.0
56,1953.746598463716,1613.4453871195,109409.8095139681,0.9642857142857143,7.420055219301336,-17041.879824496995,0.9642857142857143,0.03571428571428571,0.25,20.0
56,1812.146598463716,1471.8453871195,101480.20951396809,0.9642857142857143,6.857416562691905,-17325.079824497006,0.9642857142857143,0.03571428571428571,0.25,40.0
56,1924.5894703915287,1583.060166622,107777.0103419256,0.9642857142857143,7.304524272124911,-17095.185249496993,0.9642857142857143,0.03571428571428571,0.5,10.0
56,1853.7894703915285,1512.260166622,103812.2103419256,0.9642857142857143,7.0227129850071695,-17236.785249497,0.9642857142857143,0.03571428571428571,0.5,20.0
56,1712.1894703915282,1370.660166622,95882.61034192558,0.9464285714285714,6.4668111109137145,-17519.985249497004,0.9642857142857143,0.03571428571428571,0.5,40.0
