expiry,entry_date,side,net_pnl,peak_mtm,trough_mtm,trigger_timestamp,exit_timestamp,exit_reason,selected_credit,selection_margin
2025-01-09,2025-01-03,PUT,2492.7243331904992,2584.1642875605,-13502.5857124395,2025-01-09 10:25:00,2025-01-09 10:26:00,target,37.71000000000001,3.460000000000008
2025-01-16,2025-01-10,CALL,3098.10176127,3164.6716017225,-3514.0783982775,2025-01-14 14:29:00,2025-01-14 14:30:00,target,47.150000000000006,1.7500000000000142
2025-01-23,2025-01-17,PUT,2255.202673275,2318.58796659,-2946.41203341,2025-01-23 09:16:00,2025-01-23 09:17:00,target,34.2,13.75
2025-01-30,2025-01-24,PUT,3412.834853050502,3471.587241960002,-4428.91275804,2025-01-30 09:59:00,2025-01-30 10:00:00,target,51.70000000000002,11.050000000000011
2025-02-06,2025-02-01,PUT,5582.7679776225,5651.250234,-1905.749766,2025-02-04 14:36:00,2025-02-04 14:37:00,target,83.9,6.850000000000023
2025-02-13,2025-02-07,PUT,2906.9719097249995,3074.6469762,-21206.6030238,2025-02-13 11:00:00,2025-02-13 11:01:00,target,39.7,1.8900000000000008
2025-02-20,2025-02-14,PUT,2111.001023505,2165.45873847,-4498.29126153,2025-02-20 09:17:00,2025-02-20 09:18:00,target,31.700000000000003,3.690000000000012
2025-03-06,2025-02-28,PUT,1043.3146357725,1097.7107584725,-1932.2892415275,2025-03-06 09:15:00,2025-03-06 09:16:00,target,16.150000000000006,2.000000000000007
2025-03-13,2025-03-07,PUT,1408.3706591475,1467.263792895,-1217.736207105,2025-03-13 09:15:00,2025-03-13 09:16:00,target,21.499999999999996,6.799999999999997
2025-03-27,2025-03-21,PUT,894.2657954025,952.3279565475,-210.1720434525,2025-03-27 13:18:00,2025-03-27 13:19:00,target,14.35,2.95000000000001
2025-05-08,2025-05-02,PUT,3983.181456135,4023.395967495,-6232.854032505,2025-05-08 09:15:00,2025-05-08 09:16:00,target,58.3,15.610000000000014
2025-05-15,2025-05-09,PUT,9601.539334575,9676.444682295,-2001.055317705,2025-05-12 09:15:00,2025-05-12 09:16:00,target,140.59999999999997,79.79999999999998
2025-05-22,2025-05-16,PUT,3871.246936998003,3887.055514923004,-2060.4444850769964,2025-05-22 10:17:00,2025-05-22 10:18:00,target,56.440000000000026,15.740000000000038
2025-05-29,2025-05-23,PUT,3414.8502163830008,3479.8196614500007,-1155.18033855,2025-05-28 14:11:00,2025-05-28 14:12:00,target,51.79999999999998,0.75
2025-06-05,2025-05-30,CALL,4098.835780560001,4158.703856115001,-161.296143885,2025-06-04 09:17:00,2025-06-04 09:18:00,target,61.7,18.290000000000006
2025-06-12,2025-06-06,CALL,2540.61918642,2642.5696410975,-8824.9303589025,2025-06-12 10:20:00,2025-06-12 10:21:00,target,39.35,3.6999999999999886
2025-06-19,2025-06-13,PUT,3977.3801666625,4029.377388945,-575.622611055,2025-06-18 09:17:00,2025-06-18 09:18:00,target,59.8,23.85000000000001
2025-06-26,2025-06-20,PUT,1950.7519568549997,2005.5324183749997,-683.217581625,2025-06-25 09:18:00,2025-06-25 09:19:00,target,30.0,8.099999999999994
2025-07-03,2025-06-27,PUT,2222.4833960025003,2277.8249119275,20.3249119275,2025-07-02 09:15:00,2025-07-02 09:16:00,target,33.75000000000001,10.100000000000009
2025-07-10,2025-07-04,CALL,1434.0118642199996,1492.8428614124996,-322.1571385875,2025-07-10 09:15:00,2025-07-10 09:16:00,target,21.450000000000003,0.8499999999999943
2025-07-17,2025-07-11,PUT,950.101595625,1004.8761500925,-1665.1238499075,2025-07-17 09:15:00,2025-07-17 09:16:00,target,14.75,1.8999999999999984
2025-07-24,2025-07-18,PUT,856.6933533374997,915.1319757524998,-1289.8680242475,2025-07-23 09:43:00,2025-07-23 09:44:00,target,13.85,0.5
2025-07-31,2025-07-25,PUT,1084.200537337499,1150.5096227025,-2074.4903772975,2025-07-31 09:44:00,2025-07-31 09:45:00,target,16.75,4.049999999999997
2025-08-07,2025-08-01,PUT,1676.3922603225,1736.151980715,-2013.848019285,2025-08-06 13:07:00,2025-08-06 13:08:00,target,26.000000000000007,4.850000000000001
2025-08-14,2025-08-08,PUT,1222.711444402499,1284.601655609999,-1190.3983443900008,2025-08-14 09:15:00,2025-08-14 09:16:00,target,18.999999999999996,5.649999999999992
2025-09-09,2025-09-03,PUT,774.7771432274998,836.5859703674997,-194.6640296325,2025-09-09 13:16:00,2025-09-09 13:17:00,target,12.650000000000002,3.75
2025-09-16,2025-09-10,PUT,808.674604845,874.229794485,-104.520205515,2025-09-16 11:48:00,2025-09-16 11:49:00,target,13.199999999999996,3.5499999999999936
2025-09-23,2025-09-17,PUT,555.1786378349998,617.2476846524997,-87.7523153475,2025-09-23 09:17:00,2025-09-23 09:18:00,target,9.349999999999998,0.850000000000005
2025-09-30,2025-09-24,CALL,584.1462481049997,642.1393011899997,-100.36069881,2025-09-30 12:59:00,2025-09-30 13:00:00,target,9.799999999999995,0.0999999999999978
2025-10-14,2025-10-08,PUT,487.85080543499976,553.5251176499997,-815.22488235,2025-10-14 11:21:00,2025-10-14 11:22:00,target,8.5,1.2999999999999972
2025-11-04,2025-10-29,CALL,1687.7448624,1753.6484733225,-1208.8515266775,2025-11-03 14:01:00,2025-11-03 14:02:00,target,26.25,5.549999999999997
2025-11-18,2025-11-12,PUT,1263.9867529349997,1318.4619857099997,-237.78801429,2025-11-18 09:15:00,2025-11-18 09:16:00,target,19.8,4.300000000000004
2025-11-25,2025-11-19,CALL,1193.1671938425,1256.8932475575,-4379.3567524425,2025-11-24 09:41:00,2025-11-24 09:42:00,target,18.749999999999996,0.9999999999999928
2025-12-02,2025-11-26,PUT,1065.4760625374995,1124.0607830624997,-147.1892169375,2025-12-01 12:32:00,2025-12-01 12:33:00,target,16.849999999999994,1.4499999999999955
2025-12-09,2025-12-03,CALL,1097.4155285625,1164.540130485,-425.459869515,2025-12-08 09:15:00,2025-12-08 09:16:00,target,15.900000000000006,1.3500000000000014
2025-12-16,2025-12-10,PUT,782.2107621824998,844.0614183524998,-1195.9385816475,2025-12-16 10:02:00,2025-12-16 10:03:00,target,12.75,1.8500000000000012
2025-12-23,2025-12-17,PUT,618.2598263775,680.0062134675,-249.9937865325,2025-12-23 12:54:00,2025-12-23 12:55:00,target,10.349999999999998,0.3000000000000007
2026-01-13,2026-01-07,PUT,349.2711269260999,475.3386781185,-13899.4113218815,2026-01-13 09:16:00,2026-01-13 09:17:00,target,6.149999999999999,1.8000000000000007
2026-02-03,2026-01-29,PUT,3518.661208684,3574.460402551,-11612.789597449,2026-02-03 09:21:00,2026-02-03 09:22:00,target,61.19999999999999,7.499999999999972
2026-02-10,2026-02-04,PUT,2567.956719391001,2613.555003103501,-447.9449968965,2026-02-10 09:15:00,2026-02-10 09:16:00,target,43.650000000000006,11.15
2026-02-17,2026-02-11,PUT,1073.5618193084997,1141.560361629,-8094.939638371,2026-02-17 09:19:00,2026-02-17 09:20:00,target,19.200000000000003,7.400000000000006
2026-02-24,2026-02-18,PUT,1412.4474635875,1468.410717045,-3065.339282955,2026-02-24 09:15:00,2026-02-24 09:16:00,target,24.50000000000001,4.850000000000023
2026-03-10,2026-03-04,PUT,10194.1629663555,10254.823427939002,-9573.426572061,2026-03-10 09:15:00,2026-03-10 09:16:00,target,171.70000000000005,52.60000000000008
2026-03-17,2026-03-11,PUT,-755.7824231835036,3609.025190913,-41530.224809087,,2026-03-17 15:29:00,expiry,110.3,22.80000000000001
2026-03-24,2026-03-18,PUT,-16027.5541463135,1925.9486773855,-46291.0513226145,,2026-03-24 15:29:00,expiry,94.55,40.80000000000001
2026-04-21,2026-04-15,PUT,4848.362755104001,4903.564261601501,-660.4357383985,2026-04-21 09:15:00,2026-04-21 09:16:00,target,77.75,17.049999999999983
2026-04-28,2026-04-22,PUT,5441.661456385002,5516.023952542,-9531.476047458,2026-04-28 09:16:00,2026-04-28 09:17:00,target,91.4,31.799999999999983
2026-05-12,2026-05-06,CALL,2777.758506293501,2834.054316651001,-5294.195683349,2026-05-11 11:48:00,2026-05-11 11:49:00,target,48.70000000000002,1.8500000000000083
2026-05-19,2026-05-13,CALL,5148.7752472955,5200.7242587485,-6931.5257412515,2026-05-19 11:11:00,2026-05-19 11:12:00,target,88.64999999999998,9.84999999999998
2026-05-26,2026-05-20,PUT,4749.716795334501,4807.138808978,-737.361191022,2026-05-22 15:18:00,2026-05-22 15:19:00,target,82.39999999999999,28.55
2026-06-09,2026-06-03,CALL,3293.8164479915017,3354.9296729380017,-5166.570327062,2026-06-08 12:31:00,2026-06-08 12:32:00,target,57.6,10.999999999999986
2026-06-16,2026-06-10,PUT,2514.9140729225,2573.7125463064995,-2704.2874536935,2026-06-15 09:15:00,2026-06-15 09:16:00,target,43.55,4.249999999999986
2026-06-23,2026-06-17,PUT,1802.8975953215,1862.308874191,-123.441125809,2026-06-22 09:15:00,2026-06-22 09:16:00,target,31.90000000000001,3.8000000000000114
2026-07-07,2026-07-01,PUT,1480.417245337499,1542.217763702499,-300.5322362975009,2026-07-06 09:15:00,2026-07-06 09:16:00,target,26.450000000000003,4.25
2026-07-14,2026-07-08,PUT,1449.651532548,1507.316664645,-10494.933335355,2026-07-14 09:16:00,2026-07-14 09:17:00,target,23.599999999999994,8.949999999999989
2026-07-21,2026-07-15,PUT,2040.316103356,2092.296967227,-3136.953032773,2026-07-21 09:15:00,2026-07-21 09:16:00,target,34.3,19.8
