metric,CE,PE,CE_to_PE_ratio,CE_minus_PE
trades,42.0,42.0,1.0,0.0
mean,703.0256122786357,-1381.1152423988433,-0.5090274806159973,2084.140854677479
median,291.07715764124964,396.99527183625,0.7332005650719972,-105.91811419500038
win_rate,0.6904761904761905,0.8333333333333334,0.8285714285714285,-0.1428571428571429
profit_factor,2.714866744507758,0.5019422231758792,5.408723592389389,2.2129245213318787
total,29527.0757157027,-58006.84018075142,-0.5090274806159973,87533.91589645411
std,2598.940117312394,10234.288534057174,0.25394438593984975,-7635.3484167447805
max_loss,-9757.5768227545,-56338.0854368355,0.17319681254866906,46580.508614081
roll_rate,0.09523809523809523,0.21428571428571427,0.4444444444444444,-0.11904761904761904
avg_orders,6.190476190476191,6.428571428571429,0.9629629629629629,-0.23809523809523814
total_fees,6551.6742842973,7056.4401807514,0.9284673456410779,-504.7658964540997
avg_fees,155.99224486422142,168.01048049408095,0.9284673456410778,-12.018235629859532
