month,side,count,sum,mean
2025-09,CE,5,274.5075132825004,54.90150265650008
2025-09,PE,5,777.2169486075002,155.44338972150004
2025-10,CE,3,-6550.0033010199995,-2183.334433673333
2025-10,PE,3,745.2271225500001,248.40904085000003
2025-11,CE,4,5449.531005442499,1362.3827513606248
2025-11,PE,4,1710.4475694674998,427.61189236687494
2025-12,CE,5,-129.6546832574999,-25.93093665149998
2025-12,PE,5,608.8729673400001,121.774593468
2026-01,CE,4,58.551849403699975,14.637962350924994
2026-01,PE,4,-7942.9486326004,-1985.7371581501
2026-02,CE,4,11168.759563458,2792.1898908645
2026-02,PE,4,-53706.970169632,-13426.742542408
2026-03,CE,4,12566.295028050004,3141.573757012501
2026-03,PE,4,-29185.991009611007,-7296.497752402752
2026-04,CE,3,8333.500482555002,2777.8334941850007
2026-04,PE,3,9428.850304368,3142.9501014559996
2026-05,CE,3,4653.306381334999,1551.1021271116663
2026-05,PE,3,-1961.788014218007,-653.929338072669
2026-06,CE,4,-6551.2252741845,-1637.806318546125
2026-06,PE,4,19461.480177776,4865.370044444
2026-07,CE,3,253.50715063799962,84.50238354599988
2026-07,PE,3,2058.7625552009995,686.2541850669999
