expiry,equity,drawdown
2025-09-02,275.289182415,0.0
2025-09-09,394.01921895000004,0.0
2025-09-16,479.5001438325001,0.0
2025-09-23,620.8447549575002,0.0
2025-09-30,777.2169486075002,0.0
2025-10-07,899.9844838500003,0.0
2025-10-14,1078.8248504850003,0.0
2025-10-28,1522.4440711575003,0.0
2025-11-04,1940.4011722425003,0.0
2025-11-11,2189.7772608900004,0.0
2025-11-18,2856.8581980375,0.0
2025-11-25,3232.891640625,0.0
2025-12-02,3504.4849280774997,0.0
2025-12-09,3537.303084825,0.0
2025-12-16,3704.6305047675,0.0
2025-12-23,3868.2968872725,0.0
2025-12-30,3841.764607965,-26.532279307500175
2026-01-06,3906.734494345,0.0
2026-01-13,-9948.207085730399,-13854.9415800754
2026-01-20,-4689.649461710399,-8596.383956055399
2026-01-27,-4101.1840246353995,-8007.918518980399
2026-02-03,-60439.269461470896,-64346.0039558159
2026-02-10,-59886.18927231339,-63792.923766658394
2026-02-17,-59264.8106177974,-63171.5451121424
2026-02-24,-57808.154194267394,-61714.888688612395
2026-03-02,-68881.4674878174,-72788.2019821624
2026-03-10,-84133.1169911489,-88039.8514854939
2026-03-17,-78484.18800583639,-82390.92250018139
2026-03-24,-86994.14520387839,-90900.87969822339
2026-04-13,-82885.98315609389,-86792.71765043889
2026-04-21,-80149.4684908564,-84056.2029852014
2026-04-28,-77565.2948995104,-81472.0293938554
2026-05-12,-69562.1457150264,-73468.8802093714
2026-05-19,-80973.7530506884,-84880.48754503341
2026-05-26,-79527.0829137284,-83433.8174080734
2026-06-02,-62633.4194591654,-66540.1539535104
2026-06-09,-61448.846520990905,-65355.581015335905
2026-06-16,-60519.6443994719,-64426.3788938169
2026-06-23,-60065.6027359524,-63972.3372302974
2026-07-07,-59607.5159604594,-63514.2504548044
2026-07-14,-58971.7929946439,-62878.527488988904
2026-07-21,-58006.8401807514,-61913.5746750964
