side,expiry,entry_date,lot_size,entry_spot,otm6,otm7,otm8_initial,flatline,target,gross_pnl,fees_proxy,net_pnl,exit_reason,exit_ts,rolls,orders,peak_mtm,trough_mtm
CE,2025-09-02,2025-08-29,75,24486.3,24800,24850,24900,375.0,375.0,397.5,145.665003285,251.834996715,profit_target,2025-09-01 13:07:00,0,6,375.0,-63.75
PE,2025-09-02,2025-08-29,75,24486.3,24200,24150,24100,438.75,438.75,461.25,144.71642558250002,316.53357441749995,profit_target,2025-09-02 15:06:00,0,6,438.75,-37.5
CE,2025-09-09,2025-09-05,75,24789.4,25100,25150,25200,112.5,112.5,131.25,144.0162356925,-12.766235692500004,profit_target,2025-09-08 12:37:00,0,6,116.25,-150.0
PE,2025-09-09,2025-09-05,75,24789.4,24500,24450,24400,281.25,281.25,303.75,143.77026696000001,159.97973303999999,profit_target,2025-09-09 15:16:00,0,6,281.25,-997.5
CE,2025-09-16,2025-09-12,75,25062.85,25350,25400,25450,71.25000000000006,71.25000000000006,97.49999999999994,144.66534217499998,-47.165342175000035,profit_target,2025-09-12 13:57:00,0,6,71.25000000000006,-29.999999999999943
PE,2025-09-16,2025-09-12,75,25062.85,24750,24700,24650,247.50000000000006,247.50000000000006,266.25000000000006,143.26771161,122.98228839000006,profit_target,2025-09-16 15:11:00,0,6,247.50000000000006,-108.74999999999994
CE,2025-09-23,2025-09-19,75,25299.6,25600,25650,25700,131.25000000000017,131.25000000000017,157.50000000000017,143.355913215,14.144086785000184,profit_target,2025-09-23 14:47:00,0,6,131.25000000000017,-59.99999999999983
PE,2025-09-23,2025-09-19,75,25299.6,25000,24950,24900,303.7500000000001,303.7500000000001,315.0000000000001,144.743550645,170.25644935500011,profit_target,2025-09-23 09:43:00,0,6,318.7500000000001,-56.249999999999886
CE,2025-09-30,2025-09-26,75,24804.65,25100,25150,25200,405.0000000000001,405.0000000000001,427.5000000000001,145.01362281000002,282.4863771900001,profit_target,2025-09-30 15:17:00,0,6,405.0000000000001,-59.999999999999886
PE,2025-09-30,2025-09-26,75,24804.65,24500,24450,24400,318.75,318.75,337.49999999999994,145.053934365,192.44606563499994,profit_target,2025-09-30 09:40:00,0,6,326.25,-618.75
CE,2025-10-07,2025-10-03,75,24820.25,25100,25150,25200,101.25000000000011,101.25000000000011,123.75,145.3823471775,-21.63234717750001,profit_target,2025-10-03 14:49:00,0,6,101.25000000000011,-33.749999999999886
PE,2025-10-07,2025-10-03,75,24820.25,24500,24450,24400,285.00000000000017,285.00000000000017,311.25000000000017,143.4897397575,167.76026024250018,profit_target,2025-10-07 14:57:00,0,6,285.00000000000017,-48.74999999999983
CE,2025-10-14,2025-10-10,75,25268.1,25550,25600,25650,78.75000000000017,78.75000000000017,93.75000000000023,146.07222267749998,-52.32222267749975,profit_target,2025-10-10 11:15:00,0,6,86.25000000000017,-33.74999999999983
PE,2025-10-14,2025-10-10,75,25268.1,24950,24900,24850,341.25,341.25,348.75000000000006,144.2302367625,204.51976323750006,profit_target,2025-10-14 11:10:00,0,6,348.75,-202.5
CE,2025-10-28,2025-10-24,75,25888.15,26200,26250,26300,449.9999999999998,449.9999999999998,359.99999999999966,147.847392285,212.15260771499965,profit_target,2025-10-28 09:16:00,0,6,573.7499999999998,-101.25000000000023
PE,2025-10-28,2025-10-24,75,25888.15,25600,25550,25500,607.5,607.5,641.25,145.1413883325,496.1086116675,profit_target,2025-10-28 15:14:00,0,6,607.5,-757.5
CE,2025-11-04,2025-10-31,75,25919.05,26200,26250,26300,641.25,641.25,660.0,147.102958725,512.897041275,profit_target,2025-11-04 15:24:00,0,6,641.25,26.25
PE,2025-11-04,2025-10-31,75,25919.05,25600,25550,25500,393.75,393.75,333.74999999999994,146.1916576275,187.55834237249994,profit_target,2025-11-04 09:16:00,0,6,480.0,-423.75
CE,2025-11-11,2025-11-07,75,25336.5,25650,25700,25750,461.25,461.25,468.75000000000045,151.3296568125,317.42034318750046,profit_target,2025-11-10 13:45:00,0,6,483.75,-600.0
PE,2025-11-11,2025-11-07,75,25336.5,25050,25000,24950,412.5000000000001,412.5000000000001,431.2500000000001,144.36724334250002,286.88275665750007,profit_target,2025-11-11 15:05:00,0,6,412.5000000000001,-22.499999999999886
CE,2025-11-18,2025-11-14,75,25809.05,26100,26150,26200,1162.5,1162.5,1185.0000000000002,153.66679575,1031.33320425,profit_target,2025-11-17 12:39:00,0,6,1162.5,-273.75
PE,2025-11-18,2025-11-14,75,25809.05,25500,25450,25400,832.4999999999995,832.4999999999995,851.2499999999995,146.6623948425,704.5876051574995,profit_target,2025-11-18 15:22:00,0,6,832.4999999999995,-360.00000000000045
CE,2025-11-25,2025-11-21,75,26117.05,26400,26450,26500,468.74999999999955,468.74999999999955,491.24999999999955,145.792311345,345.4576886549995,profit_target,2025-11-25 15:09:00,0,6,468.74999999999955,-15.000000000000455
PE,2025-11-25,2025-11-21,75,26117.05,25800,25750,25700,540.0,540.0,562.5,146.70012447,415.79987553,profit_target,2025-11-24 15:04:00,0,6,540.0,-266.25
CE,2025-12-02,2025-11-28,75,26253.45,26550,26600,26650,71.25,71.25,90.0,145.01755492499998,-55.017554924999985,profit_target,2025-12-01 09:17:00,0,6,75.0,-63.75
PE,2025-12-02,2025-11-28,75,26253.45,25950,25900,25850,434.9999999999998,434.9999999999998,359.9999999999997,145.83202035,214.16797964999972,profit_target,2025-12-02 09:16:00,0,6,536.2499999999998,-67.50000000000023
CE,2025-12-09,2025-12-05,75,26008.8,26300,26350,26400,322.5,322.5,333.75,150.13813200750002,183.61186799249998,profit_target,2025-12-05 15:20:00,0,6,330.0,-292.5
PE,2025-12-09,2025-12-05,75,26008.8,25700,25650,25600,195.00000000000017,195.00000000000017,-37.49999999999977,144.641709525,-182.14170952499978,profit_target,2025-12-09 09:15:00,0,6,213.75000000000017,-67.49999999999983
CE,2025-12-16,2025-12-12,75,26006.2,26300,26350,26400,86.25,86.25,105.0,143.6531104425,-38.65311044250001,profit_target,2025-12-16 15:08:00,0,6,86.25,-60.0
PE,2025-12-16,2025-12-12,75,26006.2,25700,25650,25600,330.0,330.0,345.0,144.35708735999998,200.64291264000002,profit_target,2025-12-16 10:03:00,0,6,333.75,-146.25
CE,2025-12-23,2025-12-19,75,25961.3,26250,26300,26350,90.00000000000006,90.00000000000006,22.5,146.0096331,-123.5096331,profit_target,2025-12-22 09:16:00,0,6,172.50000000000006,-59.99999999999994
PE,2025-12-23,2025-12-19,75,25961.3,25650,25600,25550,326.2500000000001,326.2500000000001,352.5000000000001,143.840892495,208.65910750500012,profit_target,2025-12-23 15:08:00,0,6,326.2500000000001,-26.249999999999886
CE,2025-12-30,2025-12-26,75,26087.7,26400,26450,26500,112.50000000000006,112.50000000000006,142.50000000000006,142.54327763999999,-0.0432776399999284,profit_target,2025-12-30 14:47:00,0,6,112.50000000000006,-75.74999999999994
PE,2025-12-30,2025-12-26,75,26087.7,25800,25750,25700,135.0,135.0,157.5,143.680239945,13.819760054999989,profit_target,2025-12-29 12:26:00,0,6,135.0,-41.25
CE,2026-01-06,2026-01-02,65,26253.9,26550,26600,26650,48.10000000000005,48.10000000000005,67.60000000000002,143.4383365884,-75.83833658839998,profit_target,2026-01-02 13:24:00,0,6,51.35000000000005,-23.39999999999995
PE,2026-01-06,2026-01-02,65,26253.9,25950,25900,25850,224.25000000000006,224.25000000000006,247.00000000000006,143.054544533,103.94545546700004,profit_target,2026-01-06 14:45:00,0,6,224.25000000000006,-74.74999999999994
CE,2026-01-13,2026-01-09,65,25893.75,26200,26250,26300,156.0,156.0,172.25,143.69512304949998,28.554876950500017,profit_target,2026-01-13 15:13:00,0,6,156.0,-315.25
PE,2026-01-13,2026-01-09,65,25893.75,25600,25550,25500,451.1,451.1,-3504.149999999999,193.7170230044,-3697.867023004399,expiry,2026-01-13 15:29:00,1,8,28.600000000000023,-3533.399999999999
CE,2026-01-20,2026-01-16,65,25740.5,26050,26100,26150,182.64999999999986,182.64999999999986,198.89999999999986,144.13038207239998,54.76961792759988,profit_target,2026-01-20 15:20:00,0,6,185.89999999999986,-805.3500000000001
PE,2026-01-20,2026-01-16,65,25740.5,25450,25400,25350,425.7499999999998,425.7499999999998,458.2499999999998,146.89658628849998,311.3534137114998,profit_target,2026-01-19 15:10:00,0,6,425.7499999999998,-409.5000000000002
CE,2026-01-27,2026-01-23,65,25292.7,25600,25650,25700,312.0,312.0,331.5,144.844809152,186.655190848,profit_target,2026-01-27 15:16:00,0,6,312.0,-78.0
PE,2026-01-27,2026-01-23,65,25292.7,25000,24950,24900,750.7499999999998,750.7499999999998,744.2499999999998,149.42949497849997,594.8205050214998,profit_target,2026-01-27 12:52:00,0,6,776.7499999999998,-2395.25
CE,2026-02-03,2026-01-30,65,25288.25,25600,25650,25700,3191.5,3191.5,-7244.25,231.93426737750002,-7476.1842673775,expiry,2026-02-03 15:29:00,1,8,3094.0,-8947.25
PE,2026-02-03,2026-01-30,65,25288.25,25000,24950,24900,3633.5,3633.5,-8463.000000000004,220.097979531,-8683.097979531003,expiry,2026-02-03 15:29:00,1,8,1982.5,-13549.250000000004
CE,2026-02-10,2026-02-06,65,25550.45,25850,25900,25950,825.5,825.5,786.5,157.18200326800002,629.317996732,profit_target,2026-02-10 09:21:00,0,6,861.25,-975.0
PE,2026-02-10,2026-02-06,65,25550.45,25250,25200,25150,714.9999999999998,714.9999999999998,734.4999999999998,145.674671107,588.8253288929998,profit_target,2026-02-10 14:54:00,0,6,714.9999999999998,-188.50000000000023
CE,2026-02-17,2026-02-13,65,25536.6,25850,25900,25950,760.4999999999998,760.4999999999998,786.4999999999998,146.775098916,639.7249010839998,profit_target,2026-02-17 10:24:00,0,6,760.4999999999998,-377.0000000000002
PE,2026-02-17,2026-02-13,65,25536.6,25250,25200,25150,783.2499999999998,783.2499999999998,802.7499999999998,145.62160851299998,657.1283914869998,profit_target,2026-02-17 15:11:00,0,6,783.2499999999998,-874.2500000000002
CE,2026-02-24,2026-02-20,65,25511.05,25800,25850,25900,1124.4999999999993,1124.4999999999993,1143.9999999999993,148.1887982355,995.8112017644993,profit_target,2026-02-24 15:25:00,0,6,1124.4999999999993,-975.0000000000007
PE,2026-02-24,2026-02-20,65,25511.05,25200,25150,25100,1621.75,1621.75,1618.5,149.20688381699998,1469.293116183,profit_target,2026-02-24 13:31:00,0,6,1647.75,-360.75
CE,2026-03-02,2026-02-26,65,25522.45,25800,25850,25900,897.0,897.0,919.75,147.33685808799999,772.413141912,profit_target,2026-03-02 15:11:00,0,6,897.0,-208.0
PE,2026-03-02,2026-02-26,65,25522.45,25200,25150,25100,1449.4999999999993,1449.4999999999993,-16942.25,244.7736953685,-17187.0236953685,expiry,2026-03-02 15:29:00,1,8,454.9999999999993,-12437.75
CE,2026-03-10,2026-03-06,65,24631.95,24950,25000,25050,2749.500000000001,2749.500000000001,2775.500000000001,155.346370482,2620.153629518001,profit_target,2026-03-10 14:38:00,0,6,2749.500000000001,-471.2499999999991
PE,2026-03-10,2026-03-06,65,24631.95,24350,24300,24250,5271.500000000002,5271.500000000002,-19340.75,241.4868325425,-19582.2368325425,expiry,2026-03-10 15:29:00,1,8,559.0000000000018,-23179.0
CE,2026-03-17,2026-03-13,65,23335.05,23650,23700,23750,4771.000000000001,4771.000000000001,4787.250000000001,164.5308396005,4622.719160399501,profit_target,2026-03-17 09:37:00,0,6,4774.250000000001,-760.4999999999991
PE,2026-03-17,2026-03-13,65,23335.05,23050,23000,22950,5830.500000000001,5830.500000000001,5846.750000000001,165.319775456,5681.430224544001,profit_target,2026-03-17 15:13:00,0,6,5830.500000000001,-5027.749999999999
CE,2026-03-24,2026-03-20,65,23246.45,23550,23600,23650,4842.500000000001,4842.500000000001,4858.750000000001,163.2307743015,4695.519225698501,profit_target,2026-03-24 15:27:00,0,6,4842.500000000001,-903.4999999999991
PE,2026-03-24,2026-03-20,65,23246.45,22950,22900,22850,6578.0,6578.0,-11310.000000000004,236.92352103,-11546.923521030003,expiry,2026-03-24 15:29:00,1,8,1703.0,-16211.000000000004
CE,2026-04-13,2026-04-09,65,23781.2,24100,24150,24200,3614.000000000002,3614.000000000002,3640.000000000002,163.507109679,3476.492890321002,profit_target,2026-04-13 10:27:00,0,6,3614.000000000002,-581.7499999999982
PE,2026-04-13,2026-04-09,65,23781.2,23500,23450,23400,4290.0,4290.0,4309.5,168.917036656,4140.582963344,profit_target,2026-04-13 10:03:00,0,6,4293.25,-1176.5
CE,2026-04-21,2026-04-17,65,24234.85,24550,24600,24650,1303.2499999999998,1303.2499999999998,1319.4999999999998,155.697849805,1163.8021501949997,profit_target,2026-04-21 09:16:00,0,6,1319.4999999999998,-1300.0000000000002
PE,2026-04-21,2026-04-17,65,24234.85,23950,23900,23850,2912.0,2912.0,2934.75,159.25259508349998,2775.4974049165,profit_target,2026-04-21 14:50:00,0,6,2912.0,-97.5
CE,2026-04-28,2026-04-24,65,23976.45,24300,24350,24400,2236.000000000001,2236.000000000001,2258.750000000001,157.0143325375,2101.7356674625007,profit_target,2026-04-28 09:23:00,0,6,2236.000000000001,-165.7499999999991
PE,2026-04-28,2026-04-24,65,23976.45,23700,23650,23600,2759.25,2759.25,2782.0,158.82972224350002,2623.1702777565,profit_target,2026-04-28 15:14:00,0,6,2759.25,-1709.5
CE,2026-05-12,2026-05-08,65,24199.45,24500,24550,24600,1956.4999999999995,1956.4999999999995,1972.7499999999995,154.9365070345,1817.8134929654996,expiry,2026-05-12 15:29:00,0,6,1953.2499999999995,-256.75000000000045
PE,2026-05-12,2026-05-08,65,24199.45,23900,23850,23800,1673.75,1673.75,-8589.749999999993,282.5370884645,-8872.287088464493,expiry,2026-05-12 15:29:00,1,8,734.5,-2931.5
CE,2026-05-19,2026-05-15,65,23805.15,24100,24150,24200,1852.5,1852.5,1878.5,154.846120303,1723.653879697,profit_target,2026-05-19 15:09:00,0,6,1852.5,-65.0
PE,2026-05-19,2026-05-15,65,23805.15,23500,23450,23400,2408.25,2408.25,-4696.25,210.46482819149998,-4906.7148281915,expiry,2026-05-19 15:29:00,1,8,247.0,-4725.5
CE,2026-05-26,2026-05-22,65,23772.6,24050,24100,24150,1358.4999999999995,1358.4999999999995,1325.9999999999995,156.652696399,1169.3473036009996,profit_target,2026-05-26 09:16:00,0,6,1413.7499999999995,-949.0000000000005
PE,2026-05-26,2026-05-22,65,23772.6,23450,23400,23350,1615.25,1615.25,1631.5,152.324007398,1479.175992602,profit_target,2026-05-26 15:13:00,0,6,1615.25,-84.5
CE,2026-06-02,2026-05-29,65,23907.5,24200,24250,24300,1079.0,1079.0,1101.75,150.9166139365,950.8333860635,profit_target,2026-06-02 14:50:00,0,6,1079.0,-204.75
PE,2026-06-02,2026-05-29,65,23907.5,23600,23550,23500,760.4999999999998,760.4999999999998,-6119.75,214.5361679575,-6334.2861679575,expiry,2026-06-02 15:29:00,1,8,396.5000000000009,-2921.75
CE,2026-06-09,2026-06-05,65,23446.4,23750,23800,23850,1982.4999999999995,1982.4999999999995,2005.2499999999995,154.9093851085,1850.3406148914996,profit_target,2026-06-09 14:31:00,0,6,1982.4999999999995,-328.25000000000045
PE,2026-06-09,2026-06-05,65,23446.4,23150,23100,23050,1352.0,1352.0,1332.5000000000002,156.291624454,1176.2083755460003,profit_target,2026-06-09 09:18:00,0,6,1391.0,-2873.0
CE,2026-06-16,2026-06-12,65,23343.85,23650,23700,23750,669.4999999999995,669.4999999999995,-17429.75,254.8298675725,-17684.579867572502,expiry,2026-06-16 15:29:00,1,8,207.99999999999955,-12392.25
PE,2026-06-16,2026-06-12,65,23343.85,23050,23000,22950,1095.2499999999998,1095.2499999999998,1117.9999999999998,149.8011920705,968.1988079294997,profit_target,2026-06-16 14:57:00,0,6,1095.2499999999998,-188.50000000000023
CE,2026-06-23,2026-06-19,65,23975.6,24300,24350,24400,650.0,650.0,676.0,147.736383435,528.263616565,profit_target,2026-06-23 09:32:00,0,6,650.0,-97.5
PE,2026-06-23,2026-06-19,65,23975.6,23700,23650,23600,617.5,617.5,637.0,147.671041509,489.328958491,profit_target,2026-06-23 13:35:00,0,6,617.5,-276.25
CE,2026-07-07,2026-07-03,65,24339.7,24650,24700,24750,100.75,100.75,123.49999999999994,144.83084411,-21.330844110000044,profit_target,2026-07-06 12:04:00,0,6,100.75,-65.0
PE,2026-07-07,2026-07-03,65,24339.7,24050,24000,23950,620.7499999999998,620.7499999999998,640.2499999999998,146.4213155965,493.8286844034998,profit_target,2026-07-07 15:16:00,0,6,620.7499999999998,-195.00000000000023
CE,2026-07-14,2026-07-10,65,24220.85,24500,24550,24600,247.0,247.0,269.75,145.41992042249998,124.33007957750002,profit_target,2026-07-14 15:08:00,0,6,247.0,-32.5
PE,2026-07-14,2026-07-10,65,24220.85,23900,23850,23800,799.4999999999998,799.4999999999998,789.7499999999998,149.1940047365,640.5559952634998,profit_target,2026-07-14 09:17:00,0,6,825.4999999999998,-412.7500000000002
CE,2026-07-21,2026-07-17,65,24221.75,24500,24550,24600,389.99999999999955,389.99999999999955,406.2499999999994,147.9723896795,258.2776103204994,profit_target,2026-07-20 13:50:00,0,6,396.49999999999955,-936.0000000000005
PE,2026-07-21,2026-07-17,65,24221.75,23900,23850,23800,1131.0,1131.0,1147.25,149.7913304655,997.4586695345,expiry,2026-07-21 15:29:00,0,6,1127.75,-58.5
