expiry,entry_date,side,selected_credit,other_credit,selection_margin,atm,entry_spot,lot_size,target_fraction,stop_multiple,initial_net_credit_per_lot,target_rupees,stop_rupees,trigger_timestamp,exit_timestamp,exit_reason,trigger_pnl,gross_pnl,fees_proxy,net_pnl,peak_mtm,trough_mtm,runup_to_drawdown,orders,ce6,ce7,ce8,pe6,pe7,pe8
2025-01-09,2025-01-03,PUT,37.71000000000001,34.25,3.460000000000008,24050,24057.9,75,0.9,0.0,37.41000000000001,2525.175000000001,,2025-01-06 09:45:00,2025-01-06 09:46:00,spot_stop,-813.3357124395,-741.75,98.56260526950001,-840.3126052695,1545.4142875605,-1270.8357124395,2816.25,6,24350,24400,24450,23750,23700,23650
2025-01-16,2025-01-10,CALL,47.150000000000006,45.39999999999999,1.7500000000000142,23350,23369.6,75,0.9,0.0,46.85000000000001,3162.3750000000005,,2025-01-10 11:03:00,2025-01-10 11:04:00,spot_stop,-1249.0783982775,-1222.5,107.22577905,-1329.7257790499998,0.42160172250000016,-1249.0783982775,1249.5,6,23650,23700,23750,23050,23000,22950
2025-01-23,2025-01-17,PUT,34.2,20.450000000000003,13.75,23250,23226.4,75,0.9,0.0,33.900000000000006,2288.2500000000005,,2025-01-17 11:00:00,2025-01-17 11:01:00,spot_stop,-2770.16203341,-2748.749999999999,101.43469242749998,-2850.1846924274987,-47.66203340999999,-2946.41203341,2898.75,6,23550,23600,23650,22950,22900,22850
2025-01-30,2025-01-24,PUT,51.70000000000002,40.650000000000006,11.050000000000011,23150,23144.25,75,0.9,0.0,51.40000000000002,3469.5000000000014,,2025-01-27 09:15:00,2025-01-27 09:16:00,spot_stop,-1275.1627580399982,-1301.2499999999973,107.92307907749999,-1409.1730790774973,2425.337241960002,-1275.1627580399982,3700.5,6,23450,23500,23550,22850,22800,22750
2025-02-06,2025-02-01,PUT,83.9,77.04999999999998,6.850000000000023,23550,23558.05,75,0.9,0.0,83.60000000000001,5643.000000000001,,2025-02-01 11:51:00,2025-02-01 11:52:00,spot_stop,-1905.749766,-1642.5,119.6405031,-1762.1405031,2133.750234,-1905.749766,4039.5,6,23850,23900,23950,23250,23200,23150
2025-02-13,2025-02-07,PUT,39.7,37.81,1.8900000000000006,23600,23606.55,75,0.9,0.0,39.400000000000006,2659.5000000000005,,2025-02-07 14:09:00,2025-02-07 14:10:00,spot_stop,-191.6030238,-142.5,97.020432855,-239.520432855,1589.6469762,-487.8530238,2077.5,6,23900,23950,24000,23300,23250,23200
2025-02-20,2025-02-14,PUT,31.700000000000003,28.00999999999999,3.690000000000012,23050,23050.5,75,0.9,0.0,31.400000000000002,2119.5,,2025-02-14 10:44:00,2025-02-14 10:45:00,spot_stop,-2068.29126153,-1991.249999999999,98.4487860225,-2089.698786022499,441.20873847,-2068.29126153,2509.5,6,23350,23400,23450,22750,22700,22650
2025-03-06,2025-02-28,PUT,16.150000000000006,14.149999999999999,2.000000000000007,22250,22235.4,75,0.9,0.0,15.850000000000005,1069.8750000000005,,2025-02-28 12:56:00,2025-02-28 12:57:00,spot_stop,-1651.0392415275,-1601.25,89.0590881525,-1690.3090881525,292.2107584725,-1651.0392415275,1943.25,6,22550,22600,22650,21950,21900,21850
2025-03-13,2025-03-07,PUT,21.499999999999993,14.699999999999996,6.799999999999997,22550,22548.85,75,0.9,0.0,21.199999999999992,1430.9999999999993,,2025-03-11 09:15:00,2025-03-11 09:16:00,spot_stop,-711.486207105,-716.2499999999999,91.18238886750001,-807.4323888675,998.513792895,-711.486207105,1710.0,6,22850,22900,22950,22250,22200,22150
2025-03-27,2025-03-21,PUT,14.350000000000001,11.399999999999991,2.95000000000001,23250,23263.75,75,0.9,0.0,14.05,948.375,,2025-03-27 13:18:00,2025-03-27 13:19:00,target,952.3279565475,971.25,76.9842045975,894.2657954025,952.3279565475,-210.1720434525,1162.5,6,23550,23600,23650,22950,22900,22850
2025-05-08,2025-05-02,PUT,58.3,42.68999999999998,15.610000000000014,24550,24571.2,75,0.9,0.0,58.0,3915.0,,2025-05-02 10:54:00,2025-05-02 10:55:00,spot_stop,-1200.354032505,-1248.749999999999,105.92680512750002,-1354.6768051274992,150.39596749499998,-1200.354032505,1350.75,6,24850,24900,24950,24250,24200,24150
2025-05-15,2025-05-09,PUT,140.59999999999997,60.79999999999998,79.79999999999998,24000,24012.6,75,0.9,0.0,140.29999999999995,9470.249999999996,,2025-05-12 09:15:00,2025-05-12 09:16:00,target,9676.444682295,9712.5,110.960665425,9601.539334575,9676.444682295,-2001.055317705,11677.5,6,24300,24350,24400,23700,23650,23600
2025-05-22,2025-05-16,PUT,56.440000000000026,40.69999999999999,15.740000000000038,25000,24991.55,75,0.9,0.0,56.14000000000003,3789.4500000000016,,2025-05-20 09:54:00,2025-05-20 09:55:00,spot_stop,1232.0555149230036,1251.7500000000036,100.3590618645,1151.3909381355036,2627.0555149230026,-281.4444850769964,2908.499999999999,6,25300,25350,25400,24700,24650,24600
2025-05-29,2025-05-23,PUT,51.79999999999998,51.04999999999998,0.75,24800,24795.45,75,0.9,0.0,51.499999999999986,3476.249999999999,,2025-05-28 14:11:00,2025-05-28 14:12:00,target,3479.8196614500007,3505.500000000001,90.649783617,3414.8502163830008,3479.8196614500007,-1155.18033855,4635.000000000001,6,25100,25150,25200,24500,24450,24400
2025-06-05,2025-05-30,CALL,61.7,43.41,18.290000000000006,24800,24806.85,75,0.9,0.0,61.400000000000006,4144.5,,2025-06-04 09:17:00,2025-06-04 09:18:00,target,4158.703856115001,4192.500000000001,93.66421944000001,4098.835780560001,4158.703856115001,-161.296143885,4320.000000000001,6,25100,25150,25200,24500,24450,24400
2025-06-12,2025-06-06,CALL,39.349999999999994,35.650000000000006,3.6999999999999886,24700,24713.25,75,0.9,0.0,39.05,2635.875,,2025-06-06 10:30:00,2025-06-06 10:31:00,spot_stop,-1857.4303589025,-1859.999999999999,103.51449711,-1963.5144971099992,268.8196410975,-1857.4303589025,2126.25,6,25000,25050,25100,24400,24350,24300
2025-06-19,2025-06-13,PUT,59.8,35.94999999999999,23.85000000000001,24650,24641.2,75,0.9,0.0,59.5,4016.25,,2025-06-18 09:17:00,2025-06-18 09:18:00,target,4029.377388945,4068.75,91.36983333749998,3977.3801666625,4029.377388945,-575.622611055,4605.0,6,24950,25000,25050,24350,24300,24250
2025-06-26,2025-06-20,PUT,30.0,21.900000000000006,8.099999999999994,24850,24864.35,75,0.9,0.0,29.7,2004.75,,2025-06-25 09:18:00,2025-06-25 09:19:00,target,2005.5324183749995,2032.4999999999995,81.748043145,1950.7519568549994,2005.5324183749995,-683.217581625,2688.7499999999995,6,25150,25200,25250,24550,24500,24450
2025-07-03,2025-06-27,PUT,33.75000000000001,23.65,10.100000000000009,25550,25544.5,75,0.9,0.0,33.45000000000001,2257.875000000001,,2025-07-02 09:15:00,2025-07-02 09:16:00,target,2277.8249119275,2306.25,83.7666039975,2222.4833960025003,2277.8249119275,20.324911927499997,2257.5,6,25850,25900,25950,25250,25200,25150
2025-07-10,2025-07-04,CALL,21.450000000000003,20.60000000000001,0.8499999999999943,25400,25414.05,75,0.9,0.0,21.150000000000002,1427.6250000000002,,2025-07-08 15:13:00,2025-07-08 15:14:00,spot_stop,844.0928614125,862.5,85.69812838499999,776.8018716150001,1297.8428614124996,-322.1571385875,1619.9999999999995,6,25700,25750,25800,25100,25050,25000
2025-07-17,2025-07-11,PUT,14.75,12.850000000000001,1.8999999999999986,25300,25287.05,75,0.9,0.0,14.45,975.375,,2025-07-11 11:03:00,2025-07-11 11:04:00,spot_stop,-1406.3738499075,-1368.75,86.9618835675,-1455.7118835675,-105.1238499075,-1406.3738499075,1301.25,6,25600,25650,25700,25000,24950,24900
2025-07-24,2025-07-18,PUT,13.850000000000001,13.350000000000001,0.5,25050,25040.3,75,0.9,0.0,13.55,914.625,,2025-07-21 09:22:00,2025-07-21 09:23:00,spot_stop,-202.3680242475,-195.00000000000068,83.19836196,-278.1983619600007,142.6319757525,-1289.8680242475,1432.5,6,25350,25400,25450,24750,24700,24650
2025-07-31,2025-07-25,PUT,16.75,12.700000000000003,4.049999999999997,24950,24928.85,75,0.9,0.0,16.45,1110.375,,2025-07-28 09:15:00,2025-07-28 09:16:00,spot_stop,-998.2403772975,-982.4999999999997,88.10779675500001,-1070.6077967549995,18.009622702500003,-1024.4903772975,1042.5,6,25250,25300,25350,24650,24600,24550
2025-08-07,2025-08-01,PUT,26.000000000000007,21.150000000000006,4.850000000000001,24700,24696.55,75,0.9,0.0,25.700000000000006,1734.7500000000005,,2025-08-01 15:08:00,2025-08-01 15:09:00,spot_stop,-1590.098019285,-1560.0,93.767431515,-1653.767431515,569.901980715,-1590.098019285,2160.0,6,25000,25050,25100,24400,24350,24300
2025-08-14,2025-08-08,PUT,18.999999999999993,13.350000000000001,5.6499999999999915,24500,24477.15,75,0.9,0.0,18.699999999999992,1262.2499999999993,,2025-08-08 15:12:00,2025-08-08 15:13:00,spot_stop,-1051.6483443900008,-1023.750000000001,88.6141391325,-1112.364139132501,182.10165560999909,-1051.6483443900008,1233.75,6,24800,24850,24900,24200,24150,24100
2025-09-09,2025-09-03,PUT,12.650000000000002,8.900000000000002,3.75,24600,24578.4,75,0.9,0.0,12.350000000000001,833.6250000000001,,2025-09-09 13:16:00,2025-09-09 13:17:00,target,836.5859703674997,851.2499999999998,76.4728567725,774.7771432274998,836.5859703674997,-194.6640296325,1031.2499999999998,6,24900,24950,25000,24300,24250,24200
2025-09-16,2025-09-10,PUT,13.199999999999996,9.650000000000002,3.5499999999999936,25000,25000.45,75,0.9,0.0,12.899999999999995,870.7499999999997,,2025-09-16 11:48:00,2025-09-16 11:49:00,target,874.229794485,885.0,76.325395155,808.674604845,874.229794485,-104.52020551499999,978.75,6,25300,25350,25400,24700,24650,24600
2025-09-23,2025-09-17,PUT,9.349999999999998,8.499999999999993,0.850000000000005,25300,25320.35,75,0.9,0.0,9.049999999999997,610.8749999999998,,2025-09-22 14:41:00,2025-09-22 14:42:00,spot_stop,527.2476846524997,547.4999999999998,75.42969963,472.07030036999976,545.9976846524997,-87.7523153475,633.7499999999998,6,25600,25650,25700,25000,24950,24900
2025-09-30,2025-09-24,CALL,9.799999999999997,9.7,0.09999999999999787,25100,25091.7,75,0.9,0.0,9.499999999999996,641.2499999999998,,2025-09-30 12:59:00,2025-09-30 13:00:00,target,642.1393011899997,659.9999999999998,75.853751895,584.1462481049997,642.1393011899997,-100.36069881,742.4999999999998,6,25400,25450,25500,24800,24750,24700
2025-10-14,2025-10-08,PUT,8.5,7.200000000000003,1.2999999999999972,25150,25163.5,75,0.9,0.0,8.2,553.5,,2025-10-08 11:15:00,2025-10-08 11:16:00,spot_stop,-488.97488235000003,-476.25,79.9212927075,-556.1712927075,-68.97488235000023,-548.97488235,479.9999999999998,6,25450,25500,25550,24850,24800,24750
2025-11-04,2025-10-29,CALL,26.25,20.700000000000003,5.549999999999997,26000,25983.6,75,0.9,0.0,25.95,1751.625,,2025-11-03 14:01:00,2025-11-03 14:02:00,target,1753.6484733225,1770.0,82.2551376,1687.7448623999999,1753.6484733225,-1208.8515266775,2962.5,6,26300,26350,26400,25700,25650,25600
2025-11-18,2025-11-12,PUT,19.799999999999997,15.499999999999993,4.300000000000004,25850,25859.4,75,0.9,0.0,19.499999999999996,1316.2499999999998,,2025-11-18 09:15:00,2025-11-18 09:16:00,target,1318.4619857099997,1342.4999999999998,78.513247065,1263.9867529349997,1318.4619857099997,-237.78801429,1556.2499999999998,6,26150,26200,26250,25550,25500,25450
2025-11-25,2025-11-19,CALL,18.749999999999993,17.75,0.9999999999999929,25900,25920.15,75,0.9,0.0,18.449999999999992,1245.3749999999993,,2025-11-19 14:18:00,2025-11-19 14:19:00,spot_stop,-1465.6067524425,-1443.75,93.3462646725,-1537.0962646725,143.1432475575,-1465.6067524425,1608.75,6,26200,26250,26300,25600,25550,25500
2025-12-02,2025-11-26,PUT,16.849999999999994,15.399999999999999,1.4499999999999957,26100,26077.45,75,0.9,0.0,16.549999999999994,1117.1249999999995,,2025-12-01 12:32:00,2025-12-01 12:33:00,target,1124.0607830624997,1143.7499999999998,78.2739374625,1065.4760625374997,1124.0607830624997,-147.1892169375,1271.2499999999998,6,26400,26450,26500,25800,25750,25700
2025-12-09,2025-12-03,CALL,15.900000000000006,14.550000000000004,1.3500000000000014,25950,25951.5,75,0.9,0.0,15.600000000000005,1053.0000000000005,,2025-12-04 10:29:00,2025-12-04 10:30:00,spot_stop,-222.959869515,-198.75,86.8112685525,-285.5612685525,407.040130485,-222.959869515,630.0,6,26250,26300,26350,25650,25600,25550
2025-12-16,2025-12-10,PUT,12.75,10.899999999999999,1.8500000000000014,25900,25878.25,75,0.9,0.0,12.45,840.375,,2025-12-10 14:06:00,2025-12-10 14:07:00,spot_stop,-929.6885816475,-915.0,85.17764463,-1000.17764463,150.3114183525,-1053.4385816475,1203.75,6,26200,26250,26300,25600,25550,25500
2025-12-23,2025-12-17,PUT,10.349999999999998,10.049999999999997,0.3000000000000007,25850,25868.35,75,0.9,0.0,10.049999999999997,678.3749999999998,,2025-12-18 09:44:00,2025-12-18 09:45:00,spot_stop,-32.493786532499996,-18.750000000000462,80.1362087025,-98.88620870250045,147.5062134675,-249.9937865325,397.5,6,26150,26200,26250,25550,25500,25450
2026-01-13,2026-01-07,PUT,6.149999999999999,4.349999999999998,1.8000000000000007,26150,26138.95,65,0.9,0.0,5.849999999999999,342.22499999999997,,2026-01-08 10:53:00,2026-01-08 10:54:00,spot_stop,-129.1613218815,-133.25000000000065,77.11871611149999,-210.36871611150067,108.08867811849977,-148.6613218815,256.7499999999998,6,26450,26500,26550,25850,25800,25750
2026-02-03,2026-01-29,PUT,61.19999999999999,53.70000000000002,7.499999999999972,25200,25185.3,65,0.9,0.0,60.89999999999999,3562.6499999999996,,2026-02-01 12:20:00,2026-02-01 12:21:00,spot_stop,-647.289597449,-633.75,103.6539890835,-737.4039890834999,2719.710402551,-647.289597449,3367.0,6,25500,25550,25600,24900,24850,24800
2026-02-10,2026-02-04,PUT,43.650000000000006,32.50000000000001,11.149999999999999,25800,25779.55,65,0.9,0.0,43.35000000000001,2535.9750000000004,,2026-02-05 09:42:00,2026-02-05 09:43:00,spot_stop,182.5550031035009,214.50000000000088,93.996445662,120.5035543380009,956.0550031035009,-447.9449968965,1404.000000000001,6,26100,26150,26200,25500,25450,25400
2026-02-17,2026-02-11,PUT,19.200000000000003,11.799999999999997,7.400000000000006,25950,25943.2,65,0.9,0.0,18.900000000000002,1105.6500000000003,,2026-02-12 11:32:00,2026-02-12 11:33:00,spot_stop,-15.439638371000001,6.499999999999318,82.385610907,-75.88561090700068,186.060361629,-262.439638371,448.5,6,26250,26300,26350,25650,25600,25550
2026-02-24,2026-02-18,PUT,24.500000000000014,19.64999999999999,4.850000000000023,25650,25666.6,65,0.9,0.0,24.200000000000014,1415.700000000001,,2026-02-19 14:43:00,2026-02-19 14:44:00,spot_stop,-956.089282955,-913.25,87.9543142875,-1001.2043142875,821.660717045,-1092.589282955,1914.25,6,25950,26000,26050,25350,25300,25250
2026-03-10,2026-03-04,PUT,171.70000000000005,119.09999999999997,52.60000000000008,24350,24325.8,65,0.9,0.0,171.40000000000003,10026.900000000001,,2026-03-09 09:15:00,2026-03-09 09:16:00,spot_stop,-3300.926572061,-3302.000000000002,155.350598249,-3457.350598249002,8769.573427939002,-3300.926572061,12070.500000000002,6,24650,24700,24750,24050,24000,23950
2026-03-17,2026-03-11,PUT,110.30000000000001,87.5,22.80000000000001,24150,24154.6,65,0.9,0.0,110.00000000000001,6435.000000000001,,2026-03-11 11:20:00,2026-03-11 11:21:00,spot_stop,-3326.474809087,-3308.499999999998,129.110860634,-3437.610860633998,-8.224809087000004,-3326.474809087,3318.25,6,24450,24500,24550,23850,23800,23750
2026-03-24,2026-03-18,PUT,94.55000000000001,53.75,40.80000000000001,23700,23691.15,65,0.9,0.0,94.25000000000001,5513.625000000001,,2026-03-19 09:15:00,2026-03-19 09:16:00,spot_stop,-6527.3013226145,-6503.250000000004,132.5746315485,-6635.824631548504,1925.9486773855,-6527.3013226145,8453.25,6,24000,24050,24100,23400,23350,23300
2026-04-21,2026-04-15,PUT,77.75,60.70000000000002,17.049999999999983,24200,24216.8,65,0.9,0.0,77.45,4530.825,,2026-04-21 09:15:00,2026-04-21 09:16:00,target,4903.564261601501,4946.500000000001,98.137244896,4848.362755104001,4903.564261601501,-660.4357383985,5564.000000000001,6,24500,24550,24600,23900,23850,23800
2026-04-28,2026-04-22,PUT,91.4,59.60000000000002,31.799999999999983,24400,24382.9,65,0.9,0.0,91.10000000000001,5329.350000000001,,2026-04-23 09:15:00,2026-04-23 09:16:00,spot_stop,-2768.226047458,-2730.0,137.09341534400002,-2867.093415344,1794.773952542,-2768.226047458,4563.0,6,24700,24750,24800,24100,24050,24000
2026-05-12,2026-05-06,CALL,48.70000000000002,46.85000000000001,1.8500000000000085,24150,24140.6,65,0.9,0.0,48.40000000000002,2831.4000000000015,,2026-05-06 14:25:00,2026-05-06 14:26:00,spot_stop,-2651.945683349,-2609.75,116.63556064750001,-2726.3855606475,812.5543166510009,-2651.945683349,3464.500000000001,6,24450,24500,24550,23850,23800,23750
2026-05-19,2026-05-13,CALL,88.64999999999998,78.8,9.84999999999998,23350,23371.15,65,0.9,0.0,88.34999999999998,5168.474999999999,,2026-05-13 11:43:00,2026-05-13 11:44:00,spot_stop,-1760.7757412515,-1706.25,133.5424498155,-1839.7924498155,250.9742587485,-1773.7757412515,2024.75,6,23650,23700,23750,23050,23000,22950
2026-05-26,2026-05-20,PUT,82.39999999999999,53.849999999999994,28.549999999999997,23550,23541.8,65,0.9,0.0,82.1,4802.85,,2026-05-22 15:18:00,2026-05-22 15:19:00,target,4807.138808978,4852.25,102.5332046655,4749.716795334501,4807.138808978,-737.361191022,5544.5,6,23850,23900,23950,23250,23200,23150
2026-06-09,2026-06-03,CALL,57.599999999999994,46.60000000000001,10.999999999999986,23250,23253.15,65,0.9,0.0,57.3,3352.05,,2026-06-03 13:47:00,2026-06-03 13:48:00,spot_stop,-2199.3203270619983,-2157.999999999998,118.635798894,-2276.6357988939985,689.9296729380018,-2199.3203270619983,2889.25,6,23550,23600,23650,22950,22900,22850
2026-06-16,2026-06-10,PUT,43.55,39.30000000000001,4.249999999999986,23350,23366.6,65,0.9,0.0,43.25,2530.125,,2026-06-10 15:00:00,2026-06-10 15:01:00,spot_stop,-741.2874536935,-724.7499999999991,104.16686848949999,-828.916868489499,779.7125463065,-825.7874536935,1605.5,6,23650,23700,23750,23050,23000,22950
2026-06-23,2026-06-17,PUT,31.900000000000006,28.099999999999994,3.8000000000000114,24050,24067.9,65,0.9,0.0,31.600000000000005,1848.6000000000004,,2026-06-19 09:16:00,2026-06-19 09:17:00,spot_stop,1166.808874191,1212.2499999999995,90.2955013045,1121.9544986954998,1615.308874191,-123.441125809,1738.75,6,24350,24400,24450,23750,23700,23650
2026-07-07,2026-07-01,PUT,26.450000000000003,22.200000000000003,4.25,24000,23981.15,65,0.9,0.0,26.150000000000002,1529.7750000000003,,2026-07-06 09:15:00,2026-07-06 09:16:00,target,1542.217763702499,1563.249999999999,82.83275466250001,1480.417245337499,1542.217763702499,-300.5322362975009,1842.75,6,24300,24350,24400,23700,23650,23600
2026-07-14,2026-07-08,PUT,23.599999999999994,14.650000000000006,8.949999999999989,24250,24250.85,65,0.9,0.0,23.299999999999994,1363.0499999999997,,2026-07-08 13:47:00,2026-07-08 13:48:00,spot_stop,-1648.433335355,-1628.25,97.36165515249999,-1725.6116551525001,369.816664645,-1648.433335355,2018.25,6,24550,24600,24650,23950,23900,23850
2026-07-21,2026-07-15,PUT,34.3,14.5,19.799999999999997,24200,24185.0,65,0.9,0.0,34.0,1989.0,,2026-07-15 12:56:00,2026-07-15 12:57:00,spot_stop,-2337.453032773,-2313.999999999999,105.52226236700001,-2419.522262366999,282.046967227,-2337.453032773,2619.5,6,24500,24550,24600,23900,23850,23800
